app_id,genre_sub_id,index,appInfo.appId,appInfo.appName,appInfo.subtitle,appInfo.icon,appInfo.publisher,appInfo.country,appInfo.file_size,appInfo.price,appInfo.continuousFirstDays,lastReleaseTime,keywordCover,keywordCoverTop3,company.id,company.name,rank_a.ranking,rank_a.change,rank_a.genre,rank_b.ranking,rank_b.change,rank_b.genre,rank_c.ranking,rank_c.change,rank_c.genre,comment.rating,comment.num,is_ad
768160271,6003,1,768160271,航旅纵横PRO-官方机票、值机火车票接送机免税酒店,暂无数据,https://is1-ssl.mzstatic.com/image/thumb/Purple211/v4/83/14/f1/8314f1c7-aa61-d21b-ae03-77528a88d5b0/AppIcon-0-0-1x_U007emarketing-0-6-0-0-85-220.png/180x180bb.png,China Travelsky Technology Limited,cn,,1.00,3.0,2024-08-06,9016,493,796,中国民航信息网络股份有限公司,3,0,总榜,1,0,应用,1,0,旅游,4.7,4.86万,False
388624839,6007,2,388624839,扫描全能王 - 官方出品1元畅用版，扫描PDF文件，文字识别,暂无数据,https://is1-ssl.mzstatic.com/image/thumb/Purple211/v4/f2/30/54/f23054ae-6093-a279-c28f-0e87c7b3d711/AppIconPlus-0-1x_U007emarketing-0-5-0-0-sRGB-85-220-0.png/180x180bb.png,Linguan Data,cn,,1.00,,2024-06-13,10664,1200,409,上海合合信息科技发展有限公司,5,0,总榜,2,0,应用,1,0,效率,4.9,7.41万,False
866450515,6007,3,866450515,Forest 专注森林 - 番茄钟学习计时器,暂无数据,https://is1-ssl.mzstatic.com/image/thumb/Purple221/v4/f0/b6/3a/f0b63ad3-67b3-38f9-2842-a16527bd899f/AppIcon-0-0-1x_U007epad-0-0-0-85-220.png/180x180bb.png,"SEEKRTECH CO., LTD.",cn,,25.00,,2024-06-04,7077,984,913074,向上软件科技（上海）有限公司,9,1,总榜,3,0,应用,2,0,效率,4.9,24.1万,False
1600873673,6017,4,1600873673,炭炭背单词｜四六级考研等英语单词学习,暂无数据,https://is1-ssl.mzstatic.com/image/thumb/Purple221/v4/3a/38/f5/3a38f5c1-27e3-6707-5929-b14edde5de30/AppIcon-0-0-1x_U007emarketing-0-7-0-85-220.png/180x180bb.png,燕萍 刘,cn,,1.00,,2024-07-22,13172,809,0,-,11,0,总榜,4,0,应用,1,0,教育,4.9,1.49万,False
1625289361,6004,5,1625289361,空气投篮,暂无数据,https://is1-ssl.mzstatic.com/image/thumb/Purple112/v4/8e/24/01/8e240135-285c-ae27-405d-16bc8d8724fe/AppIcon-0-0-1x_U007emarketing-0-0-0-5-0-0-sRGB-0-0-0-GLES2_U002c0-512MB-85-220-0-0.png/180x180bb.png,"Beijing No. 66 Interactive Tech Co., Ltd.",cn,,8.00,,2022-12-17,1659,71,0,-,14,2,总榜,5,2,应用,1,0,体育,4.3,4077,False
1164801111,6013,6,1164801111,AutoSleep - 通过手表自动追踪睡眠,暂无数据,https://is1-ssl.mzstatic.com/image/thumb/Purple122/v4/b6/93/3a/b6933ab1-4b98-67a3-39da-1fb08e3d33c0/AppIcon-0-0-1x_U007emarketing-0-2-0-85-220.png/180x180bb.png,Tantsissa,cn,,38.00,,2024-03-12,8741,749,0,-,16,3,总榜,6,3,应用,1,0,健康健美,4.7,3.83万,True
6443798663,6011,7,6443798663,敲木鱼 - 打节拍敲音效解压神器,暂无数据,https://is1-ssl.mzstatic.com/image/thumb/Purple211/v4/13/09/40/130940b9-a551-2196-f663-cf6571bba4b7/AppIcon-0-0-1x_U007epad-0-0-85-220.png/180x180bb.png,兴龙 张,cn,,3.00,,2024-07-30,7857,179,0,-,17,-5,总榜,7,-2,应用,1,0,音乐,4.8,1160,False
964708975,6017,8,964708975,古诗文网,暂无数据,https://is1-ssl.mzstatic.com/image/thumb/Purple211/v4/56/e5/7e/56e57e47-e9bd-7e57-b7dc-4f7e56207424/AppIcon-0-0-1x_U007epad-0-10-0-sRGB-85-220.png/180x180bb.png,"Chongqing Dianshigu Technology Co., Ltd.",cn,,1.00,,2024-07-25,854,55,0,-,18,-1,总榜,8,0,应用,2,0,教育,4.5,7974,False
6499125531,6016,9,6499125531,完蛋！我被美女包围了！,暂无数据,https://is1-ssl.mzstatic.com/image/thumb/Purple211/v4/aa/74/13/aa74130c-5082-54da-4c26-6c9e58f15ad3/AppIcon-1x_U007emarketing-0-7-0-85-220-0.png/180x180bb.png,"GUANGZHOU XIAOYOU CONTENT INTERACTIVE ENTERTAINMENT CO., LTD.",cn,,33.00,,2024-07-24,2554,175,0,-,19,-4,总榜,9,-3,应用,1,0,娱乐,3.0,94,False
6447023668,6012,10,6447023668,爱韩剧 - 韩剧TV大全,暂无数据,https://is1-ssl.mzstatic.com/image/thumb/Purple126/v4/81/8c/79/818c79a4-f18d-b348-6491-c4404fc05229/AppIcon-0-0-1x_U007emarketing-0-0-0-7-0-0-sRGB-0-0-0-GLES2_U002c0-512MB-85-220-0-0.png/180x180bb.png,Chen Yu,cn,,1.00,,2023-04-08,10800,348,0,-,20,0,总榜,10,0,应用,1,0,生活,4.6,1.24万,False
1261944766,6002,11,1261944766,Alook浏览器 - 8倍速,暂无数据,https://is1-ssl.mzstatic.com/image/thumb/Purple211/v4/52/10/7c/52107cef-43bf-68b5-89b7-3b50ea6d515c/AppIcon-0-0-1x_U007emarketing-0-7-0-0-85-220.png/180x180bb.png,"Baoding Lehuo Network Technology Co., Ltd.",cn,,6.00,,2024-04-18,6327,866,40063,保定乐活网络科技有限公司,21,0,总榜,11,0,应用,1,0,工具,4.8,15.8万,False
954724812,6015,12,954724812,同花顺至尊版-股票软件,暂无数据,https://is1-ssl.mzstatic.com/image/thumb/Purple221/v4/95/53/c1/9553c1ac-b941-8ba7-3a0e-d1e233cdc691/AppIcon-0-0-1x_U007emarketing-0-3-0-0-85-220.png/180x180bb.png,Zhejiang Hexin Flush Network Services Ltd,cn,,1.00,,2024-08-05,39299,2935,144,浙江核新同花顺网络信息股份有限公司,24,6,总榜,12,5,应用,1,0,财务,4.9,8.58万,False
1439723850,6002,13,1439723850,时间规划局 - 倒计时与提醒事项,暂无数据,https://is1-ssl.mzstatic.com/image/thumb/Purple211/v4/1a/ab/07/1aab0789-dc21-50c7-003f-bd642975e3ea/AppIcon-0-0-1x_U007emarketing-0-4-0-0-sRGB-85-220.png/180x180bb.png,霞 王,cn,,3.00,,2024-07-04,9136,588,4959,深圳市易创美讯网络科技有限公司,25,-1,总榜,13,-1,应用,2,0,工具,4.9,37.1万,False
6443916065,6002,14,6443916065,WiFi万能钥匙专业版-无线热点密码安全万能wi-fi管家,暂无数据,https://is1-ssl.mzstatic.com/image/thumb/Purple122/v4/78/8e/80/788e8059-fe48-cf49-331a-be16010d044b/AppIcon-0-0-1x_U007emarketing-0-0-0-7-0-0-sRGB-0-0-0-GLES2_U002c0-512MB-85-220-0-0.png/180x180bb.png,"Nanjing LinkWiFi Network Technology Co., Ltd.",cn,,3.00,,2024-02-26,7296,1457,912713,南京尚网网络科技有限公司,26,-1,总榜,14,-1,应用,3,0,工具,2.3,1292,False
1319191852,6002,15,1319191852,熊猫吃短信 - 垃圾短信过滤,暂无数据,https://is1-ssl.mzstatic.com/image/thumb/Purple211/v4/30/e6/4f/30e64f07-29cc-1374-8004-3ed90f0f9a9f/AppIcon-0-0-1x_U007emarketing-0-7-0-0-85-220.png/180x180bb.png,"Early Moon, LLC",cn,,1.00,,2024-05-29,844,193,0,-,28,-1,总榜,15,0,应用,4,0,工具,4.6,8888,False
916366645,6027,16,916366645,Procreate Pocket,暂无数据,https://is1-ssl.mzstatic.com/image/thumb/Purple211/v4/fd/d3/9e/fdd39eae-9928-d1f1-ed34-953927c46e62/AppIcon-0-0-1x_U007emarketing-0-5-0-0-85-220.png/180x180bb.png,Savage Interactive Pty Ltd,cn,,38.00,,2024-05-06,7207,480,0,-,29,-3,总榜,16,-2,应用,1,0,图形和设计,3.7,2673,False
1217732174,6005,17,1217732174,TA - 一对一聊天，遇见对的人,暂无数据,https://is1-ssl.mzstatic.com/image/thumb/Purple125/v4/5b/59/ef/5b59efaa-0e2a-8c02-5c51-7f7696fdd77d/AppIcon-1x_U007emarketing-0-7-0-85-220.png/180x180bb.png,奕鑫 史,cn,,1.00,,2021-06-12,3748,76,0,-,30,-2,总榜,17,-1,应用,1,0,社交,4.6,8246,False
373454750,6015,18,373454750,随手记Pro–个人家庭生意记账,暂无数据,https://is1-ssl.mzstatic.com/image/thumb/Purple211/v4/ec/5e/e3/ec5ee3aa-7af3-04c3-a60b-6c97163c718e/AppIcon-0-0-1x_U007emarketing-0-5-0-85-220.png/180x180bb.png,Kingdee,cn,,1.00,,2024-04-17,34453,1705,872,金蝶软件（中国）有限公司,34,-1,总榜,18,0,应用,2,0,财务,4.7,5.17万,False
1660014964,6016,19,1660014964,飞越13号房,暂无数据,https://is1-ssl.mzstatic.com/image/thumb/Purple116/v4/d5/d2/c2/d5d2c2e8-1470-2ce5-67ca-4f64978bb84c/AppIcon-0-0-1x_U007epad-0-10-0-85-220.png/180x180bb.png,ALT Lab,cn,,14.00,,2023-09-23,2099,54,0,-,39,2,总榜,19,0,应用,2,0,娱乐,3.9,599,False
519411018,6011,20,519411018,iGuzheng - 爱古筝,暂无数据,https://is1-ssl.mzstatic.com/image/thumb/Purple122/v4/d9/dc/84/d9dc8430-20cd-c544-92c6-dfc9febbafb9/AppIcon-0-0-1x_U007emarketing-0-0-0-7-0-0-sRGB-0-0-0-GLES2_U002c0-512MB-85-220-0-0.png/180x180bb.png,"Supertintin Co., Ltd",cn,,6.00,,2024-03-12,1828,75,0,-,41,2,总榜,20,0,应用,2,0,音乐,4.1,571,False
1603553413,6002,21,1603553413,手表浏览器,暂无数据,https://is1-ssl.mzstatic.com/image/thumb/Purple116/v4/84/4d/a3/844da39e-2a7a-a6c6-59d8-65d767c02c0c/AppIcon-1x_U007emarketing-0-13-85-220.png/180x180bb.png,恒一 杨,cn,,1.00,,2022-05-01,1249,6,0,-,44,5,总榜,21,2,应用,5,1,工具,3.7,624,False
1661419573,6002,22,1661419573,atvTools,暂无数据,https://is1-ssl.mzstatic.com/image/thumb/Purple211/v4/33/01/49/3301499f-b326-b19a-ca6a-2bcfc67c4f07/AppIcon-0-0-1x_U007epad-0-85-220.png/180x180bb.png,Oleksandr Hamlii,cn,,8.00,,2024-05-16,327,12,0,-,45,1,总榜,22,-1,应用,6,-1,工具,4.3,335,False
1578203914,6016,23,1578203914,电子宠物机,暂无数据,https://is1-ssl.mzstatic.com/image/thumb/Purple211/v4/8d/06/ef/8d06ef0a-4f1a-8bfb-c0a5-f85c8ee4d8f0/AppIcon-0-0-1x_U007emarketing-0-7-0-0-85-220.png/180x180bb.png,活鹏 麦,cn,,15.00,,2024-07-12,16171,728,0,-,50,3,总榜,23,2,应用,3,0,娱乐,4.7,4212,False
754105884,6008,24,754105884,NightCap相机,暂无数据,https://is1-ssl.mzstatic.com/image/thumb/Purple122/v4/12/99/7d/12997dc1-dbd5-71eb-6d9a-d970d951ba61/AppIcon-1x_U007emarketing-0-7-0-85-220.png/180x180bb.png,Realtime Dreams Limited,cn,,22.00,,2022-10-06,4628,155,0,-,52,4,总榜,24,2,应用,1,0,摄影与录像,4.5,1599,False
1026740206,6005,25,1026740206,玩卡-交体面的朋友,暂无数据,https://is1-ssl.mzstatic.com/image/thumb/Purple122/v4/c0/57/5c/c0575cef-c072-ff36-57fb-d66ee8e1d1d0/AppIcon-0-0-1x_U007emarketing-0-0-0-4-0-0-sRGB-0-0-0-GLES2_U002c0-512MB-85-220-0-0.png/180x180bb.png,祥驰 李,cn,,1.00,,2022-04-02,5016,78,0,-,53,-2,总榜,25,-1,应用,2,0,社交,2.4,36,False
6479683928,6013,26,6479683928,AMood,暂无数据,https://is1-ssl.mzstatic.com/image/thumb/Purple221/v4/bf/a7/18/bfa718e6-e069-780e-8c94-f6624c575966/AppIcon-0-0-1x_U007ephone-0-85-220.png/180x180bb.png,恒一 杨,cn,,1.00,,2024-08-06,319,5,0,-,54,-6,总榜,26,-4,应用,2,0,健康健美,4.5,36,False
1459749978,6017,27,1459749978,List背单词,暂无数据,https://is1-ssl.mzstatic.com/image/thumb/Purple221/v4/3f/dd/6e/3fdd6e78-dc63-fbf2-ac79-e557d6c3cc93/AppIcon-0-0-1x_U007emarketing-0-7-0-85-220.png/180x180bb.png,文华 肖,cn,,8.00,,2024-05-09,13417,617,0,-,60,-1,总榜,27,1,应用,3,0,教育,4.8,7.1万,False
1492395549,6012,28,1492395549,爱美剧-人人美剧天堂社区,暂无数据,https://is1-ssl.mzstatic.com/image/thumb/Purple123/v4/9d/4c/e8/9d4ce80b-c1cc-7b2a-5377-a426b73c4c4c/AppIcon-0-0-1x_U007emarketing-0-0-0-7-0-0-85-220.png/180x180bb.png,传英 朱,cn,,28.00,,2020-06-18,3282,99,0,-,63,4,总榜,28,3,应用,2,0,生活,4.2,5340,False
730712409,6008,29,730712409,ProCam - 专业相机,暂无数据,https://is1-ssl.mzstatic.com/image/thumb/Purple221/v4/33/d4/fb/33d4fbeb-07ee-c0cf-fa65-bfb965acf56a/AppIcon-2-0-0-1x_U007emarketing-0-10-0-85-220.png/180x180bb.png,Tinkerworks Apps,cn,,68.00,,2024-06-30,8907,2255,0,-,64,-7,总榜,29,-2,应用,2,0,摄影与录像,4.8,3.11万,True
6451239549,6002,30,6451239549,全网短剧大全-热门短剧抢先看,暂无数据,https://is1-ssl.mzstatic.com/image/thumb/Purple116/v4/13/ae/86/13ae8630-9d87-a117-8513-1dea332774d6/AppIcon-1x_U007emarketing-0-7-0-85-220.png/180x180bb.png,学尚 黄,cn,,1.00,,2023-08-12,29905,500,0,-,67,-1,总榜,30,0,应用,7,0,工具,3.5,1222,False
807317212,6018,31,807317212,每日精选-天文地理人文美图、壁纸,暂无数据,https://is1-ssl.mzstatic.com/image/thumb/Purple116/v4/c5/70/3e/c5703e35-0b0b-9937-c871-269ded51a0f9/AppIcon-0-0-1x_U007emarketing-0-0-0-8-0-0-sRGB-0-0-0-GLES2_U002c0-512MB-85-220-0-0.png/180x180bb.png,Square Cosmos Press LLC.,cn,,6.00,,2021-11-23,3191,106,0,-,68,1,总榜,31,1,应用,1,0,图书,4.7,4.11万,False
1062745479,6013,32,1062745479,HeartWatch: 心脏和活动监测器,暂无数据,https://is1-ssl.mzstatic.com/image/thumb/Purple221/v4/13/fa/be/13fabe9e-a9d2-1297-f645-53602fb6658f/AppIcon-0-0-1x_U007emarketing-0-5-0-0-85-220.png/180x180bb.png,Tantsissa,cn,,38.00,,2024-03-12,5688,278,0,-,69,6,总榜,32,4,应用,3,0,健康健美,4.6,3107,False
1312534841,6007,33,1312534841,MyText Widget,暂无数据,https://is1-ssl.mzstatic.com/image/thumb/Purple114/v4/9b/78/6a/9b786a14-4ced-e983-d062-1d30eb86d336/AppIcon-0-0-1x_U007emarketing-0-0-0-7-0-0-sRGB-0-0-0-GLES2_U002c0-512MB-85-220-0-0.png/180x180bb.png,Kais Karim,cn,,3.00,,2020-02-13,190,10,0,-,71,2,总榜,33,1,应用,3,0,效率,4.4,1495,False
1197275827,6015,34,1197275827,金十数据专业版-为交易而生,暂无数据,https://is1-ssl.mzstatic.com/image/thumb/Purple221/v4/03/75/39/0375397f-530a-09a1-a691-4a8c518f8dd2/AppIcon-0-0-1x_U007emarketing-0-7-0-0-sRGB-85-220.png/180x180bb.png,"Guangzhou Jinshi Information and Technology Co., Ltd.",cn,,1.00,,2024-07-28,15631,1410,1786,广州金十信息科技有限公司,72,-9,总榜,34,-5,应用,3,0,财务,4.7,1785,False
898876435,6008,35,898876435,Planit巧摄专业版：风光摄影计划神器,暂无数据,https://is1-ssl.mzstatic.com/image/thumb/Purple221/v4/5f/76/33/5f76339a-26cd-1884-f5e4-3e3dbcefb316/AppIcon-0-0-1x_U007emarketing-0-7-0-85-220.png/180x180bb.png,"JIDE Software, Inc.",cn,,68.00,,2024-08-06,13090,1005,0,-,74,9,总榜,35,4,应用,3,0,摄影与录像,4.9,6137,False
998437582,6017,36,998437582,法语背单词 - 法语单词记忆工具,暂无数据,https://is1-ssl.mzstatic.com/image/thumb/Purple221/v4/1a/aa/2d/1aaa2db5-d945-36f8-c1dc-8977462ef932/AppIcon-0-1x_U007epad-0-0-0-85-220-0.png/180x180bb.png,QianYan Network,cn,,1.00,,2024-07-12,1647,77,488,上海倩言网络科技有限公司,76,-4,总榜,36,-3,应用,4,0,教育,4.6,1054,False
1658579911,6012,37,1658579911,小特钥匙 - 手表隐私蓝牙钥匙,暂无数据,https://is1-ssl.mzstatic.com/image/thumb/Purple211/v4/58/20/43/5820435a-040c-1997-691a-d51052610d40/AppIcon-0-0-1x_U007ephone-0-0-85-220.png/180x180bb.png,"Xiaote Technology (Guangzhou) Co., Ltd.",cn,,28.00,,2024-05-28,1517,142,0,-,77,8,总榜,37,4,应用,3,0,生活,3.3,142,False
1210251567,6013,38,1210251567,SleepTown 睡眠小镇,暂无数据,https://is1-ssl.mzstatic.com/image/thumb/Purple116/v4/ce/50/34/ce5034be-1495-be81-ba0c-9c80fa8a8710/AppIcon-0-0-1x_U007emarketing-0-0-0-7-0-0-sRGB-0-0-0-GLES2_U002c0-512MB-85-220-0-0.png/180x180bb.png,"SEEKRTECH CO., LTD.",cn,,15.00,,2023-11-23,5575,192,913074,向上软件科技（上海）有限公司,83,6,总榜,38,5,应用,4,0,健康健美,4.8,2.79万,False
1586897675,6016,39,1586897675,我的大学：当大学校长,暂无数据,https://is1-ssl.mzstatic.com/image/thumb/Purple211/v4/2c/8e/68/2c8e6830-bb57-26a4-8e4a-1e538bd7dc15/AppIcon-0-0-1x_U007emarketing-0-10-0-85-220.png/180x180bb.png,宣攀 史,cn,,1.00,,2024-07-14,8890,629,0,-,85,-5,总榜,39,-2,应用,4,0,娱乐,4.8,1728,False
961227503,6017,40,961227503,烧杯 - BEAKER,暂无数据,https://is1-ssl.mzstatic.com/image/thumb/Purple114/v4/a6/25/fe/a625fea3-40ff-3cc3-241e-ab260e43e8dd/AppIcon-1x_U007emarketing-0-0-GLES2_U002c0-512MB-sRGB-0-0-0-85-220-0-0-0-8.png/180x180bb.png,THIX LLC,cn,,8.00,,2021-01-03,495,42,8285,江门市中荣网络科技有限公司,86,-5,总榜,40,-2,应用,5,0,教育,4.2,8228,False
1476509317,6017,41,1476509317,每日英语 听力学习版,暂无数据,https://is1-ssl.mzstatic.com/image/thumb/Purple221/v4/f1/2d/cf/f12dcf84-dc4f-7543-9db5-62089ac17678/AppIcon-0-1x_U007emarketing-0-4-0-0-85-220-0.png/180x180bb.png,EUSOFT,cn,,1.00,,2024-06-11,8519,279,877884,上海欧路信息科技有限公司,88,4,总榜,41,3,应用,6,0,教育,4.8,2932,False
530425820,6015,42,530425820,东方财富领先版-财经资讯&股票开户,暂无数据,https://is1-ssl.mzstatic.com/image/thumb/Purple211/v4/2a/2b/04/2a2b0469-b1df-4d84-add4-50e7142a230f/AppIcon-0-1x_U007emarketing-0-6-0-0-sRGB-85-220-0.png/180x180bb.png,东方财富信息股份有限公司,cn,,1.00,,2024-08-01,23973,1076,461,东方财富信息股份有限公司,89,6,总榜,42,4,应用,4,0,财务,4.0,562,False
1515211139,6002,43,1515211139,安规题库-星瀚,暂无数据,https://is1-ssl.mzstatic.com/image/thumb/Purple221/v4/7e/08/96/7e0896c8-dff0-335d-3bfc-81f20ea78bd9/AppIcon-0-0-1x_U007emarketing-0-7-0-0-85-220.png/180x180bb.png,世华 陈,cn,,22.00,,2024-04-01,1027,185,0,-,91,-5,总榜,43,-1,应用,8,2,工具,4.3,76,False
1633366918,6008,44,1633366918,Instant Lines,暂无数据,https://is1-ssl.mzstatic.com/image/thumb/Purple116/v4/73/90/03/7390036b-8cfd-7f2c-49a9-c5d40a91f805/AppIcon-0-1x_U007emarketing-0-7-0-85-220.png/180x180bb.png,祥 汤,cn,,1.00,,2023-09-30,4107,95,0,-,92,1,总榜,44,1,应用,4,0,摄影与录像,4.7,501,False
1064060287,6002,45,1064060287,XP3Player,暂无数据,https://is1-ssl.mzstatic.com/image/thumb/Purple115/v4/f7/65/d3/f765d38c-c890-fcb2-26c4-1662e998f709/AppIcon-1x_U007emarketing-0-6-85-220.png/180x180bb.png,聃 张,cn,,58.00,,2021-05-17,437,14,0,-,93,-9,总榜,45,-5,应用,9,0,工具,3.2,557,False
1152396902,6009,46,1152396902,凤凰新闻(专业版)-头条新闻阅读平台,暂无数据,https://is1-ssl.mzstatic.com/image/thumb/Purple221/v4/b3/b6/77/b3b67788-074e-be5c-b662-16839b642fe9/AppIconVIP-0-0-1x_U007emarketing-0-5-0-0-sRGB-85-220.png/180x180bb.png,Beijing TianyingJiuzhou Network Technology Co. Ltd,cn,,8.00,,2024-06-25,25586,891,913283,凤凰新媒体,94,7,总榜,46,3,应用,-,0,新闻,4.0,3485,False
966489322,6012,47,966489322,生辰 — 桌面时间小组件,暂无数据,https://is1-ssl.mzstatic.com/image/thumb/Purple116/v4/16/d6/01/16d60128-2d4d-bdab-7a79-bf03d602f79d/AppIcon-0-0-1x_U007emarketing-0-7-0-85-220.png/180x180bb.png,"Ningbo If Technology Co.,Ltd",cn,,3.00,,2023-12-19,2046,85,0,-,97,14,总榜,47,11,应用,4,0,生活,3.7,3521,False
1459076631,6016,48,1459076631,隐形守护者,暂无数据,https://is1-ssl.mzstatic.com/image/thumb/Purple221/v4/a9/92/b4/a992b47a-a173-0793-2270-e7b591459eaa/AppIcon-1x_U007emarketing-0-8-85-220-0.png/180x180bb.png,极光计划,cn,,18.00,,2024-03-27,4016,102,11,深圳市腾讯计算机系统有限公司,98,7,总榜,48,5,应用,5,0,娱乐,4.3,8724,False
373493387,6017,49,373493387,AnkiMobile Flashcards,暂无数据,https://is1-ssl.mzstatic.com/image/thumb/Purple211/v4/ad/9f/4d/ad9f4d2e-5b3f-9c7c-8aa6-223681d6e356/AppIcon-0-0-1x_U007emarketing-0-4-0-85-220.png/180x180bb.png,Ankitects Pty Ltd,cn,,168.00,,2024-08-04,1558,245,0,-,99,3,总榜,49,1,应用,7,2,教育,4.2,1127,False
998437590,6017,50,998437590,西语背单词,暂无数据,https://is1-ssl.mzstatic.com/image/thumb/Purple221/v4/76/29/c3/7629c3af-699b-6ca7-718f-d2e592ee34a8/AppIcon-0-1x_U007epad-0-0-0-85-220-0.png/180x180bb.png,QianYan Network,cn,,1.00,,2024-07-12,3819,60,488,上海倩言网络科技有限公司,100,0,总榜,50,-2,应用,8,0,教育,4.6,434,False
577628510,6005,51,577628510,TeamSpeak 3,暂无数据,https://is1-ssl.mzstatic.com/image/thumb/Purple116/v4/87/59/e8/8759e8fd-e757-7db9-2101-57bb88942647/AppIcon-0-0-1x_U007emarketing-0-7-0-0-85-220.png/180x180bb.png,TeamSpeak Systems Inc,cn,,8.00,2023-12-15,644,23,0,-,101,28,总榜,51,14,应用,3,1,社交,2.2,103,False
6446337236,6017,52,6446337236,新概念英语-新概念英语全四册单词听力口语,暂无数据,https://is1-ssl.mzstatic.com/image/thumb/Purple211/v4/8d/bd/a0/8dbda0ee-8438-f043-9730-ba0e9f296887/AppIcon-0-0-1x_U007epad-0-0-0-85-220.png/180x180bb.png,Shandong Yuanyuzhou Information Technology Co. LTD,cn,,1.00,2024-06-22,3528,43,0,-,104,-7,总榜,52,-5,应用,9,-2,教育,3.3,30,False
6476032984,6007,53,6476032984,日剧TV - 韩剧TV大全日剧爱好者营地樱花日剧社,暂无数据,https://is1-ssl.mzstatic.com/image/thumb/Purple221/v4/e1/aa/e2/e1aae296-d59f-66f9-bee1-acaebb8474a7/AppIcon-0-0-1x_U007ephone-0-0-0-85-220.jpeg/180x180bb.png,河北崇雨网络技术有限公司,cn,,1.00,2024-04-22,3615,124,0,-,107,0,总榜,53,2,应用,4,1,效率,3.7,99,False
1522215205,6002,54,1522215205,拒之-骚扰电话批量拦截助手,暂无数据,https://is1-ssl.mzstatic.com/image/thumb/Purple116/v4/f0/86/e7/f086e7a8-ace4-05db-e94f-b53d00f0f2b6/AppIcon-1x_U007emarketing-0-5-0-85-220-0.png/180x180bb.png,思语 明,cn,,8.00,2024-02-12,5331,148,0,-,110,34,总榜,54,21,应用,10,6,工具,4.0,1510,False
755018884,6017,55,755018884,新概念英语专业版 - 英语美语全四册,暂无数据,https://is1-ssl.mzstatic.com/image/thumb/Purple221/v4/dd/f8/33/ddf833b0-18b7-85b7-c8b6-ca0e26e132ec/AppIcon-0-0-1x_U007epad-0-10-0-85-220.png/180x180bb.png,长江 蔡,cn,,1.00,2024-07-22,9985,1327,0,-,111,-1,总榜,55,2,应用,10,1,教育,4.6,7412,False
961328776,6008,56,961328776,JPics,暂无数据,https://is1-ssl.mzstatic.com/image/thumb/Purple221/v4/f6/03/ff/f603ff5d-6056-283e-3f1f-74b8bf476840/AppIcon-1x_U007emarketing-0-7-0-85-220-0.png/180x180bb.png,捷 廖,cn,,1.00,2024-04-22,8294,107,0,-,113,27,总榜,56,16,应用,5,1,摄影与录像,4.4,745,False
6467020213,6016,57,6467020213,手表游戏：益智合集含2048、飞机大战、模拟考试、电子宠物机,暂无数据,https://is1-ssl.mzstatic.com/image/thumb/Purple116/v4/b4/11/56/b41156f2-6177-55b5-8930-5a93bc896e21/AppIcon-1x_U007ewatch-0-85-220-0.jpeg/180x180bb.png,长金 胡,cn,,8.00,2023-10-07,3467,121,0,-,114,17,总榜,57,10,应用,6,1,娱乐,2.0,8,False
6449766387,6016,58,6449766387,合成大西瓜 : 专为手表设计的合成类休闲解压小游戏,暂无数据,https://is1-ssl.mzstatic.com/image/thumb/Purple221/v4/0e/a7/2b/0ea72b57-b64a-fb9c-31c8-c3815e6340a5/AppIcon-1x_U007ewatch-0-85-220-0.png/180x180bb.png,长金 胡,cn,,3.00,2024-03-14,2200,86,0,-,116,0,总榜,58,2,应用,7,-1,娱乐,1.6,5,False
6450402556,6017,59,6450402556,找到算你赢 - 大家找茬找不同,暂无数据,https://is1-ssl.mzstatic.com/image/thumb/Purple211/v4/a5/e3/c1/a5e3c1a4-6f73-6959-a827-e0f8e0ff1720/AppIcon-0-0-1x_U007ephone-0-85-220.png/180x180bb.png,璐 甘,cn,,1.00,2024-04-11,16571,323,0,-,117,11,总榜,59,5,应用,11,1,教育,2.3,34,False
1484181693,6002,60,1484181693,截图超人 - 微商专用的营销助手截图神器,暂无数据,https://is1-ssl.mzstatic.com/image/thumb/Purple123/v4/07/e1/60/07e1605d-e0c5-f72c-ac78-f3e61fb52775/AppIcon-0-0-1x_U007emarketing-0-0-0-10-0-0-85-220.png/180x180bb.png,旌词 马,cn,,38.00,2019-11-04,3668,47,0,-,118,17,总榜,60,10,应用,11,3,工具,4.2,2236,False
1547418803,6011,61,1547418803,Incredibox - 好玩的音乐盒,暂无数据,https://is1-ssl.mzstatic.com/image/thumb/Purple112/v4/97/0e/25/970e2581-a7dd-8cb9-0e54-6a4eee7790bf/AppIcon-0-0-1x_U007epad-0-85-220.png/180x180bb.png,So Far So Good,cn,,38.00,2024-02-20,3848,243,0,-,119,-10,总榜,61,-5,应用,3,0,音乐,4.8,2860,False
6476963352,6007,62,6476963352,万能生成器,暂无数据,https://is1-ssl.mzstatic.com/image/thumb/Purple211/v4/2d/41/3d/2d413d01-907f-34b5-be96-5876835ca358/AppIcon-0-0-1x_U007emarketing-0-10-0-85-220.png/180x180bb.png,清远炭炭科技有限公司,cn,,1.00,2024-06-24,556,17,919126,清远炭炭科技有限公司,120,-5,总榜,62,-3,应用,5,1,效率,4.8,490,False
1576763082,6002,63,1576763082,女帝的日常,暂无数据,https://is1-ssl.mzstatic.com/image/thumb/Purple211/v4/12/8c/de/128cdecb-2fbd-4963-bba4-7d8d6afbeda9/AppIcon-0-0-1x_U007emarketing-0-7-0-85-220.png/180x180bb.png,HydrozoaWorks Tech Ltd.,cn,,6.00,2024-06-05,927,180,0,-,122,28,总榜,63,17,应用,12,5,工具,4.3,1041,False
578665578,6005,64,578665578,Threema。安全的通讯工具,暂无数据,https://is1-ssl.mzstatic.com/image/thumb/Purple221/v4/d9/06/4d/d9064da7-5b00-4e12-75f2-7d00ec89674f/AppIcon-0-0-1x_U007epad-0-0-0-0-0-0-85-220.png/180x180bb.png,Threema GmbH,cn,,38.00,2024-07-19,3697,812,0,-,123,-19,总榜,64,-12,应用,4,-1,社交,3.7,38,False
1117998129,6020,65,1117998129,2025人体解剖学图谱,暂无数据,https://is1-ssl.mzstatic.com/image/thumb/Purple211/v4/d9/69/80/d9698079-d1bd-d021-a516-90c5a48539ca/AppIcon-0-0-1x_U007emarketing-0-7-0-85-220.png/180x180bb.png,Visible Body,cn,,148.00,2024-07-24,2681,675,0,-,124,34,总榜,65,19,应用,1,0,医疗,4.9,3.66万,False
1509817154,6002,66,1509817154,某某宗女修修炼手札,暂无数据,https://is1-ssl.mzstatic.com/image/thumb/Purple116/v4/71/5c/b4/715cb471-c652-ebe2-dd5d-1547961fd805/AppIcon-0-0-1x_U007emarketing-0-0-0-7-0-0-sRGB-0-0-0-GLES2_U002c0-512MB-85-220-0-0.png/180x180bb.png,HydrozoaWorks Tech Ltd.,cn,,6.00,2023-06-26,844,128,0,-,126,6,总榜,66,2,应用,13,-1,工具,4.5,1218,False
1001247878,6017,67,1001247878,地球万象 - Tinybop出品,暂无数据,https://is1-ssl.mzstatic.com/image/thumb/Purple112/v4/61/05/8e/61058e24-007c-a2fc-3d2c-73543e857e11/AppIcon-1x_U007emarketing-0-7-0-85-220.png/180x180bb.png,Tinybop Inc.,cn,,28.00,2022-11-30,1053,61,0,-,127,-21,总榜,67,-13,应用,12,-2,教育,4.0,82,False
892279069,6017,68,892279069,Star Walk 2 (星空漫步2): 观星软件和星空地图,暂无数据,https://is1-ssl.mzstatic.com/image/thumb/Purple221/v4/fd/ec/0b/fdec0b00-9800-ad00-7004-2408ceea6ada/AppIcon-0-0-1x_U007emarketing-0-7-0-0-85-220.png/180x180bb.png,Vito Technology Inc.,cn,,15.00,2024-07-11,8790,1787,0,-,128,35,总榜,68,18,应用,13,1,教育,4.9,1.17万,False
1161125462,6008,69,1161125462,pix站助手-精美二次元壁纸采集工具,暂无数据,https://is1-ssl.mzstatic.com/image/thumb/Purple112/v4/64/cf/9a/64cf9a9e-89b0-3a9f-348b-ed2ea20a9a08/AppIcon-0-1x_U007emarketing-0-7-0-85-220-0.png/180x180bb.png,泽勇 周,cn,,28.00,2024-03-19,12403,2280,0,-,132,42,总榜,69,21,应用,6,3,摄影与录像,3.7,4515,False
6523429851,6016,70,6523429851,都要！小孩子才做选择-HD,暂无数据,https://is1-ssl.mzstatic.com/image/thumb/Purple221/v4/f1/54/42/f1544264-d636-e845-ae71-d868f168314e/AppIcon-0-0-1x_U007emarketing-0-7-0-85-220.png/180x180bb.png,KarmaGame LTD,cn,,1.00,2024-08-03,1781,63,0,-,133,15,总榜,70,8,应用,8,0,娱乐,3.4,7,False
6451352949,6016,71,6451352949,鱼影 - 钓鱼模拟器,暂无数据,https://is1-ssl.mzstatic.com/image/thumb/Purple221/v4/77/66/29/77662926-5aea-f8b5-3c30-ae3c09e2f743/AppIcon-0-0-1x_U007ephone-0-0-85-220.png/180x180bb.png,巍 陈,cn,,3.00,2024-05-14,4988,189,0,-,136,60,总榜,71,34,应用,9,2,娱乐,4.7,266,False
6499523683,6002,72,6499523683,条理·诉讼法,暂无数据,https://is1-ssl.mzstatic.com/image/thumb/Purple211/v4/8c/11/5c/8c115c85-614f-b9c5-12c5-b21aab85a074/AppIcon1-0-0-1x_U007emarketing-0-10-0-85-220.png/180x180bb.png,明磊 张,cn,,3.00,2024-07-17,435,11,0,-,139,-5,总榜,72,-3,应用,14,-1,工具,4.6,10,False
1059718989,6001,73,1059718989,雨时,暂无数据,https://is1-ssl.mzstatic.com/image/thumb/Purple113/v4/5a/a4/2a/5aa42a5e-ab0b-2352-598e-cc31ad006c26/AppIcon-0-0-1x_U007emarketing-0-0-0-7-0-0-sRGB-0-0-0-GLES2_U002c0-512MB-85-220-0-0.png/180x180bb.png,启玄 宋,cn,,1.00,2022-12-21,837,156,85306,北京英威泰科技有限公司,140,-15,总榜,73,-10,应用,1,0,天气,3.8,1804,False
955687901,6008,74,955687901,kirakira+,暂无数据,https://is1-ssl.mzstatic.com/image/thumb/Purple114/v4/05/fb/bf/05fbbf63-50b5-a095-0dda-db653cb5543c/AppIcon-0-1x_U007emarketing-0-0-GLES2_U002c0-512MB-sRGB-0-0-0-85-220-0-0-0-7.png/180x180bb.png,bytes inc.,cn,,8.00,2019-01-05,181,22,0,-,141,38,总榜,74,21,应用,7,3,摄影与录像,4.8,1.2万,False
6444274802,6011,75,6444274802,小小节奏师 - 热梗音效解压神器,暂无数据,https://is1-ssl.mzstatic.com/image/thumb/Purple221/v4/eb/b5/59/ebb5596b-88fe-7fb8-3d44-201425154802/AppIcon-0-0-1x_U007emarketing-0-7-0-0-85-220.png/180x180bb.png,FishFun,cn,,1.00,2024-05-27,9490,119,0,-,143,27,总榜,75,14,应用,4,0,音乐,2.4,114,False
1642364007,6002,76,1642364007,海拔指南针,暂无数据,https://is1-ssl.mzstatic.com/image/thumb/Purple221/v4/68/da/67/68da6770-1b03-0d76-82bd-dedead2e8f98/AppIcon-0-0-1x_U007emarketing-0-10-0-85-220.png/180x180bb.png,锦滔 欧,cn,,3.00,2024-06-30,1867,37,0,-,145,-15,总榜,76,-10,应用,15,-4,工具,4.7,202,False
1534560396,6017,77,1534560396,List生词本,暂无数据,https://is1-ssl.mzstatic.com/image/thumb/Purple211/v4/d7/ce/b6/d7ceb6cf-f35d-763d-877b-5e44f14b9f2a/AppIcon-0-0-1x_U007emarketing-0-7-0-85-220.png/180x180bb.png,文华 肖,cn,,3.00,2024-05-24,8781,133,0,-,146,19,总榜,77,10,应用,14,1,教育,4.7,2639,False
952625011,6018,78,952625011,國家地理－每日精選,暂无数据,https://is1-ssl.mzstatic.com/image/thumb/Purple113/v4/01/cb/21/01cb21ba-ff8e-83af-b3da-96b09a480484/AppIcon-0-0-1x_U007emarketing-0-0-0-8-0-85-220.png/180x180bb.png,Boulder Media. Inc,cn,,8.00,2019-10-22,5547,134,912989,大石國際文化有限公司,148,-24,总榜,78,-16,应用,2,0,图书,4.3,66,False
1618333874,6002,79,1618333874,重生长公主的日常,暂无数据,https://is1-ssl.mzstatic.com/image/thumb/Purple126/v4/d2/ab/98/d2ab98c9-74b2-52d0-64d1-f9159ff16947/AppIcon-0-0-1x_U007emarketing-0-0-0-7-0-0-sRGB-0-0-0-GLES2_U002c0-512MB-85-220-0-0.png/180x180bb.png,HydrozoaWorks Tech Ltd.,cn,,6.00,2024-02-04,1055,49,0,-,151,46,总榜,79,27,应用,16,7,工具,4.6,535,False
899003026,6008,80,899003026,色影 - 1000个滤镜,暂无数据,https://is1-ssl.mzstatic.com/image/thumb/Purple118/v4/77/90/0d/77900d51-e207-eee3-d46d-56d511dfe0bc/AppIcon-1x_U007emarketing-85-220-7.png/180x180bb.png,晓东 王,cn,,8.00,2017-11-10,1075,15,0,-,154,3,总榜,80,3,应用,8,-1,摄影与录像,4.6,3000,False
1498859517,6002,81,1498859517,论如何建立一个修仙门派,暂无数据,https://is1-ssl.mzstatic.com/image/thumb/Purple116/v4/10/48/e2/1048e219-06d6-4c39-eb56-bd923bea365f/AppIcon-0-0-1x_U007emarketing-0-0-0-7-0-0-sRGB-0-0-0-GLES2_U002c0-512MB-85-220-0-0.png/180x180bb.png,HydrozoaWorks Tech Ltd.,cn,,6.00,2024-02-07,3625,286,0,-,156,-2,总榜,81,1,应用,17,1,工具,4.2,1351,False
505367096,6003,82,505367096,世界迷雾,暂无数据,https://is1-ssl.mzstatic.com/image/thumb/Purple221/v4/a1/b8/9e/a1b89e2d-7e42-7fe0-ed2c-8b5e74a8c302/AppIcon-0-0-1x_U007emarketing-0-7-0-85-220.png/180x180bb.png,Ollix,cn,,198.00,2024-06-29,7971,436,0,-,158,-15,总榜,82,-8,应用,2,0,旅游,4.9,7726,False
6449930220,6016,83,6449930220,手表浏览器  Wafari,暂无数据,https://is1-ssl.mzstatic.com/image/thumb/Purple211/v4/bc/75/f6/bc75f6c2-bef9-414f-acfb-346177a6ade1/AppIcon-0-0-1x_U007emarketing-0-10-0-85-220.png/180x180bb.png,金燕 毛,cn,,1.00,2024-04-23,2149,21,0,-,159,16,总榜,83,8,应用,10,-1,娱乐,4.7,310,False
1485500283,6002,84,1485500283,车工计算器 - 数控车床编程助手,暂无数据,https://is1-ssl.mzstatic.com/image/thumb/Purple116/v4/b0/ef/93/b0ef93c5-6fea-ee99-42c0-1643d0e84a8f/AppIcon-0-0-1x_U007emarketing-0-0-0-7-0-0-sRGB-0-0-0-GLES2_U002c0-512MB-85-220-0-0.png/180x180bb.png,宁 金,cn,,38.00,2023-09-20,4686,178,0,-,160,16,总榜,84,8,应用,18,2,工具,3.2,289,False
1184204602,6008,85,1184204602,ProMovie + 专业摄像机,暂无数据,https://is1-ssl.mzstatic.com/image/thumb/Purple116/v4/cf/43/3c/cf433ce9-65b0-d5da-8623-259ad8bc1558/AppIcon-Full-1x_U007emarketing-0-7-0-85-220-0.png/180x180bb.png,Panda Apps Limited,cn,,18.00,2023-10-02,5619,255,0,-,161,7,总榜,85,3,应用,9,-1,摄影与录像,4.8,2155,False
357404131,6008,86,357404131,慢快门相机 (Slow Shutter Cam),暂无数据,https://is1-ssl.mzstatic.com/image/thumb/Purple211/v4/d5/e3/24/d5e32428-ed40-360d-da6d-16c86555fa56/AppIcon-1x_U007epad-0-0-85-220-0.png/180x180bb.png,Cogitap Software,cn,,22.00,2024-07-23,5058,457,0,-,162,-26,总榜,86,-15,应用,10,-5,摄影与录像,4.6,2664,False
1060006458,6018,87,1060006458,MBA智库（专业版）—让管理者职行力得到提升的在线教育软件,暂无数据,https://is1-ssl.mzstatic.com/image/thumb/Purple211/v4/b7/2e/1e/b72e1efb-3729-444c-2398-f290cb41e45c/AppIcon-0-0-1x_U007emarketing-0-7-0-85-220.png/180x180bb.png,mbalib,cn,,1.00,2024-07-31,46184,3624,10063,厦门众智创库企业管理咨询有限公司,164,新进榜,总榜,87,23,应用,3,0,图书,4.7,1003,False
469338840,6003,88,469338840,飞常准Pro-全球航班查询机票酒店预订,暂无数据,https://is1-ssl.mzstatic.com/image/thumb/Purple211/v4/c3/79/e0/c379e05c-6daf-cfec-ad80-3ab40bdb38d1/AppIconPro-0-1x_U007emarketing-0-7-0-0-85-220-0.png/180x180bb.png,FEEYO.COM E-COMMERCE CORP.,cn,,8.00,2024-04-25,2865,303,913201,飞友科技有限公司,165,-19,总榜,88,-12,应用,3,0,旅游,4.9,1.25万,False
1080235640,6005,89,1080235640,CNU - 顶尖视觉精选,暂无数据,https://is1-ssl.mzstatic.com/image/thumb/Purple113/v4/e9/48/3d/e9483d9f-7740-8a77-eb6f-99e045f3a748/AppIcon-0-1x_U007emarketing-0-85-220-0-7.png/180x180bb.png,淮 宋,cn,,28.00,2020-01-13,236,25,0,-,166,-17,总榜,89,-10,应用,5,0,社交,3.0,816,False
6480159520,6007,90,6480159520,转录大师 - 录音转文字、实时离线转录,暂无数据,https://is1-ssl.mzstatic.com/image/thumb/Purple221/v4/74/82/fb/7482fbec-c25b-82f8-e2d4-9e5dc1f294d8/AppIcon-0-0-1x_U007emarketing-0-5-0-85-220.png/180x180bb.png,"Qingdao Xiangliang E-commerce Co., Ltd",cn,,6.00,2024-04-25,2142,35,0,-,167,10,总榜,90,3,应用,6,2,效率,3.3,42,False
1218171533,6007,91,1218171533,Marklist 妙记 - 稍后阅读、笔记、待办、搜索和收藏,暂无数据,https://is1-ssl.mzstatic.com/image/thumb/Purple122/v4/07/fa/12/07fa1253-ad10-284c-800c-4332c52bab3e/AppIcon-0-0-1x_U007emarketing-0-0-0-7-0-0-sRGB-0-0-0-GLES2_U002c0-512MB-85-220-0-0.png/180x180bb.png,思朴 宋,cn,,1.00,2022-11-12,7998,267,0,-,169,-66,总榜,91,-40,应用,7,-3,效率,4.8,1260,False
6444561231,6007,92,6444561231,小黄历-传统文化手撕黄历日历万年历正宗黄道吉日,暂无数据,https://is1-ssl.mzstatic.com/image/thumb/Purple211/v4/bb/33/1e/bb331e2e-e7cd-62d4-61ec-3f8af0e3bc31/AppIcon-0-0-1x_U007epad-0-0-0-85-220.png/180x180bb.png,Shanghai Jiyou Network Technology Company Limited,cn,,3.00,2024-07-01,64491,1941,0,-,170,-52,总榜,92,-31,应用,8,-1,效率,4.9,1612,False
344784375,6016,93,344784375,播放器OPlayer,暂无数据,https://is1-ssl.mzstatic.com/image/thumb/Purple126/v4/1c/53/d5/1c53d577-edeb-6966-eb4b-d6fd0ae17d60/AppIcon-0-0-1x_U007emarketing-0-0-0-4-0-0-sRGB-0-0-0-GLES2_U002c0-512MB-85-220-0-0.png/180x180bb.png,"Suzhou Totoro Network Technology Co., Ltd.",cn,,22.00,2023-05-12,11407,1193,0,-,172,新进榜,总榜,93,23,应用,11,2,娱乐,4.5,3726,False
1555857229,6016,94,1555857229,2048 for watch,暂无数据,https://is1-ssl.mzstatic.com/image/thumb/Purple125/v4/8d/3d/d4/8d3dd4ba-1602-c985-a335-2f1e02d52a78/AppIcon-1x_U007emarketing-0-9-85-220.png/180x180bb.png,活鹏 麦,cn,,8.00,2021-06-07,3811,55,0,-,173,新进榜,总榜,94,30,应用,12,3,娱乐,2.9,36,False
6444824570,6002,95,6444824570,ClashX - 服务监控面板,暂无数据,https://is1-ssl.mzstatic.com/image/thumb/Purple116/v4/4b/18/22/4b18227b-1925-73bb-928c-b61be97b8886/AppIcon-0-0-1x_U007emarketing-0-10-0-85-220.png/180x180bb.png,湖广 毛,cn,,38.00,2023-12-22,1101,31,0,-,176,-14,总榜,95,-10,应用,19,0,工具,2.2,406,False
793232740,6008,96,793232740,Cadrage Director\'s Viewfinder,暂无数据,https://is1-ssl.mzstatic.com/image/thumb/Purple211/v4/23/7c/55/237c5562-df53-8794-34e9-61863a5aa0eb/AppIcon-1x_U007emarketing-0-7-0-85-220-0.png/180x180bb.png,Cadrage GmbH,cn,,148.00,2024-06-20,3135,193,0,-,177,11,总榜,96,4,应用,11,0,摄影与录像,4.6,531,False
1067198688,6001,97,1067198688,彩云天气Pro,暂无数据,https://is1-ssl.mzstatic.com/image/thumb/Purple211/v4/29/cd/a7/29cda760-635d-d055-1ceb-4c528bc11f86/AppIcon-pro-0-0-1x_U007emarketing-0-7-0-0-85-220.png/180x180bb.png,"Beijing ColorfulClouds Technology Co., Ltd.",cn,,98.00,2024-07-30,20741,547,1199,北京彩彻区明科技有限公司,180,1,总榜,97,0,应用,2,0,天气,3.4,6048,False
1633865171,6002,98,1633865171,獬豸 · 民法典,暂无数据,https://is1-ssl.mzstatic.com/image/thumb/Purple221/v4/87/c9/1e/87c91efa-2d31-75d7-fbaa-dfa219d8836c/AppIcon-0-0-1x_U007emarketing-0-7-0-85-220.png/180x180bb.png,明磊 张,cn,,3.00,2024-06-04,1031,76,0,-,181,-40,总榜,98,-25,应用,20,-5,工具,4.9,106,False
6480490890,6011,99,6480490890,AI乐坊 - 音乐生成,暂无数据,https://is1-ssl.mzstatic.com/image/thumb/Purple221/v4/0f/2b/03/0f2b03a8-823a-860e-e0d1-858db513eed7/AppIcon-0-0-1x_U007emarketing-0-10-0-85-220.png/180x180bb.png,清远炭炭科技有限公司,cn,,1.00,2024-07-05,878,43,919126,清远炭炭科技有限公司,183,新进榜,总榜,99,50,应用,5,0,音乐,4.9,178,False
1304231334,6010,100,1304231334,GPS海拔仪-专业版实时高度测量仪,暂无数据,https://is1-ssl.mzstatic.com/image/thumb/Purple211/v4/87/9b/03/879b0387-08ea-a4c3-ea24-d391b640da15/AppIcon-0-0-1x_U007emarketing-0-7-0-85-220.png/180x180bb.png,祥琦 孔,cn,,15.00,2024-05-14,8822,349,21946,北京京联云软件有限公司,185,-32,总榜,100,-19,应用,1,0,导航,4.8,5274,False
1035219562,6008,101,1035219562,Analog Paris,暂无数据,https://is1-ssl.mzstatic.com/image/thumb/Purple113/v4/0e/1f/79/0e1f7927-db89-7428-78de-77c7835ecc7c/AppIcon-0-0-1x_U007emarketing-0-0-0-7-0-0-sRGB-0-0-0-GLES2_U002c0-512MB-85-220-0-0.png/180x180bb.png,ordinaryfactory Inc.,cn,,8.00,2019-10-12,202,24,0,-,188,4,总榜,101,1,应用,12,0,摄影与录像,3.9,2662,False
6483687891,6017,102,6483687891,炭炭练口语,暂无数据,https://is1-ssl.mzstatic.com/image/thumb/Purple221/v4/ad/07/9b/ad079bc9-6ab6-447d-85f9-5f3cc0d4b485/AppIcon-0-0-1x_U007emarketing-0-10-0-85-220.png/180x180bb.png,清远炭炭科技有限公司,cn,,1.00,2024-08-02,420,10,919126,清远炭炭科技有限公司,189,-42,总榜,102,-25,应用,15,-2,教育,5.0,8,False
6445950258,6002,103,6445950258,浏览器 - 手表上的浏览器,暂无数据,https://is1-ssl.mzstatic.com/image/thumb/Purple211/v4/f3/a1/08/f3a10835-317a-5205-00cd-385426238f90/AppIcon-1x_U007ephone-0-85-220-0.png/180x180bb.png,磊 汪,cn,,8.00,2024-05-21,1695,23,0,-,194,新进榜,总榜,103,23,应用,21,5,工具,4.1,26,False
891596226,6015,104,891596226,华尔街见闻Pro-财经资讯头条新闻,暂无数据,https://is1-ssl.mzstatic.com/image/thumb/Purple211/v4/a7/3b/e4/a73be404-5fb9-44b1-f319-ef71331216eb/AppIconVIPPro-0-0-1x_U007emarketing-0-10-0-0-sRGB-85-220.png/180x180bb.png,上海阿牛信息科技有限公司,cn,,8.00,2024-03-26,16876,899,817,上海阿牛信息科技有限公司,195,新进榜,总榜,104,5,应用,-,0,财务,4.5,1.65万,False
1600925588,6008,105,1600925588,GR Linker - Image Sync,暂无数据,https://is1-ssl.mzstatic.com/image/thumb/Purple211/v4/0f/b7/9a/0fb79ac4-aade-7c92-36e0-709c9b18f5ac/AppIcon-0-0-1x_U007epad-0-P3-85-220.png/180x180bb.png,恒茂 刘,cn,,38.00,2024-06-20,1628,135,0,-,196,-3,总榜,105,-2,应用,13,0,摄影与录像,4.8,807,False
1633253544,6016,106,1633253544,消除星星 - 益智的星星消消乐经典手表游戏,暂无数据,https://is1-ssl.mzstatic.com/image/thumb/Purple122/v4/76/06/1f/76061fc0-f722-218b-5826-567c092ae4c0/AppIcon-1x_U007emarketing-0-15-0-85-220.png/180x180bb.png,长金 胡,cn,,8.00,2022-10-10,2210,29,0,-,197,新进榜,总榜,106,26,应用,13,4,娱乐,0.0,0,False
1501798473,6002,107,1501798473,解压大师pro,暂无数据,https://is1-ssl.mzstatic.com/image/thumb/Purple211/v4/78/0e/2a/780e2a1a-d7a6-c945-964e-9dca5fc85925/AppIcon-0-0-1x_U007emarketing-0-7-0-0-sRGB-85-220.png/180x180bb.png,岚 赵,cn,,28.00,2024-05-15,3936,254,0,-,-,落榜,总榜,107,-11,应用,22,-1,工具,4.7,2621,False
1420356569,6002,108,1420356569,APlayer - Alook播放器,暂无数据,https://is1-ssl.mzstatic.com/image/thumb/Purple122/v4/96/e4/5a/96e45a78-eb44-17f7-78db-34e5fc79cfa0/AppIcon-1x_U007emarketing-0-7-0-0-85-220.png/180x180bb.png,"Baoding Lehuo Network Technology Co., Ltd.",cn,,8.00,2022-11-10,2706,67,40063,保定乐活网络科技有限公司,-,0,总榜,108,50,应用,23,12,工具,4.0,2261,False
6458733069,6012,109,6458733069,养生钟 - 中医时辰手表软件,暂无数据,https://is1-ssl.mzstatic.com/image/thumb/Purple221/v4/81/79/9d/81799d91-96b6-511f-4006-727f673651c3/AppIcon-0-0-1x_U007ephone-0-85-220.png/180x180bb.png,FishFun,cn,,1.00,2024-04-24,6405,127,0,-,-,落榜,总榜,109,-8,应用,5,0,生活,2.9,18,False
6445981406,6005,110,6445981406,声流,暂无数据,https://is1-ssl.mzstatic.com/image/thumb/Purple116/v4/26/3b/4f/263b4f9a-775b-6059-5267-9d3109be5371/AppIcon-0-0-1x_U007emarketing-0-0-0-7-0-0-sRGB-0-0-0-GLES2_U002c0-512MB-85-220-0-0.png/180x180bb.png,北京奇角科技有限公司,cn,,1.00,2023-08-15,850,5,0,-,-,0,总榜,110,13,应用,6,0,社交,3.7,28,False
1163515895,6015,111,1163515895,鲨鱼记账Pro-3秒钟快速记账,暂无数据,https://is1-ssl.mzstatic.com/image/thumb/Purple211/v4/85/21/20/8521200a-78a3-fa3f-aea0-2f0145cbe4e7/AppIcon-1x_U007emarketing-0-5-0-0-85-220-0.png/180x180bb.png,"Beijing Shark Pioneer Network Technology Co.,Ltd",cn,,30.00,2024-05-15,30223,1600,849733,鲨鱼快游网络技术（北京）有限公司,-,0,总榜,111,0,应用,5,0,财务,4.9,13.7万,False
1595901138,6016,112,1595901138,NES 模拟器,暂无数据,https://is1-ssl.mzstatic.com/image/thumb/Purple211/v4/3d/ef/60/3def6038-0465-5991-a5a4-436f6f6b9834/AppIcon-0-0-1x_U007emarketing-0-7-85-220.jpeg/180x180bb.png,绍伟 荣,cn,,8.00,2024-07-08,3639,89,0,-,-,0,总榜,112,-5,应用,14,-2,娱乐,4.7,108,False
545623778,6008,113,545623778,Camera360概念版 - HelloCamera,暂无数据,https://is1-ssl.mzstatic.com/image/thumb/Purple122/v4/ec/f8/c7/ecf8c7f5-2963-ea2f-5f66-f832a423f03f/mzl.xjvwgeao.png/180x180bb.png,灏 徐,cn,,8.00,2017-01-03,375,3,168,成都品果科技有限公司,-,0,总榜,113,2,应用,14,2,摄影与录像,4.0,461,False
6448477521,6016,114,6448477521,BiuBiuBiu - 空气枪,暂无数据,https://is1-ssl.mzstatic.com/image/thumb/Purple221/v4/68/93/37/68933718-f96e-8b7a-9556-e6ab0b7372a5/AppIcon-0-0-1x_U007emarketing-0-5-0-85-220.png/180x180bb.png,承远 李,cn,,6.00,2024-07-01,1245,59,0,-,-,落榜,总榜,114,-10,应用,15,-5,娱乐,4.6,397,False
1668731941,6007,115,1668731941,喵网咖-和小喵一起去上网,暂无数据,https://is1-ssl.mzstatic.com/image/thumb/Purple126/v4/e0/19/d5/e019d51f-c1d3-7754-9304-e55d063bf547/AppIcon-0-0-1x_U007emarketing-0-0-0-5-0-0-sRGB-0-0-0-GLES2_U002c0-512MB-85-220-0-0.png/180x180bb.png,燕珊 杨,cn,,1.00,2023-02-02,672,55,0,-,-,0,总榜,115,58,应用,9,5,效率,1.3,40,False
1513506417,6007,116,1513506417,轻历 - 清新日历,暂无数据,https://is1-ssl.mzstatic.com/image/thumb/Purple116/v4/e1/46/91/e14691bf-d3f4-d82e-db0f-bcf0759f8355/AppIcon-0-1x_U007ephone-0-0-0-0-0-85-220.png/180x180bb.png,雷 董,cn,,3.00,2023-11-03,4061,127,0,-,-,0,总榜,116,5,应用,10,-1,效率,4.8,3309,False
955298695,6020,117,955298695,伤寒论查阅,暂无数据,https://is1-ssl.mzstatic.com/image/thumb/Purple114/v4/5c/50/3f/5c503ffd-97ce-b065-37ae-4f6f7b37f65e/AppIcon-0-1x_U007emarketing-0-85-220-0-6.png/180x180bb.png,海 黄,cn,,8.00,2019-01-07,67,6,0,-,-,0,总榜,117,34,应用,2,1,医疗,4.7,200,False
1116905928,6016,118,1116905928,nPlayer,暂无数据,https://is1-ssl.mzstatic.com/image/thumb/Purple126/v4/98/ed/9c/98ed9c4f-3362-c8eb-587b-651c0e334245/AppIcon-0-0-1x_U007emarketing-0-0-0-4-0-0-sRGB-0-0-0-GLES2_U002c0-512MB-85-220-0-0.png/180x180bb.png,Newin Inc.,cn,,38.00,2023-09-28,1434,51,0,-,-,0,总榜,118,1,应用,16,-2,娱乐,4.8,1.42万,False
998437586,6017,119,998437586,德语背单词,暂无数据,https://is1-ssl.mzstatic.com/image/thumb/Purple221/v4/3c/db/4d/3cdb4d41-afca-1e78-727a-616fc05a68bf/AppIcon-0-1x_U007epad-0-0-0-85-220-0.png/180x180bb.png,QianYan Network,cn,,1.00,2024-07-12,6812,71,488,上海倩言网络科技有限公司,-,落榜,总榜,119,-25,应用,16,0,教育,4.7,675,False
1191690597,6012,120,1191690597,宫神星,暂无数据,https://is1-ssl.mzstatic.com/image/thumb/Purple126/v4/08/33/7e/08337e12-1ebd-d9b0-43a8-9107d476e89b/AppIcon-0-0-1x_U007emarketing-0-0-0-7-0-0-sRGB-0-0-0-GLES2_U002c0-512MB-85-220-0-0.png/180x180bb.png,Juno Software,cn,,198.00,2023-02-23,2828,128,0,-,-,0,总榜,120,-8,应用,6,0,生活,3.5,183,False
1449720967,6008,121,1449720967,达芬奇相机 - 实时层级调色，拍出电影感,暂无数据,https://is1-ssl.mzstatic.com/image/thumb/Purple124/v4/91/e1/70/91e1703d-04c1-43ab-06a5-008a05927813/AppIcon-0-1x_U007emarketing-0-0-GLES2_U002c0-512MB-sRGB-0-0-0-85-220-0-0-0-7.png/180x180bb.png,智戈 古,cn,,15.00,2019-02-14,296,14,0,-,-,0,总榜,121,46,应用,15,6,摄影与录像,4.4,3177,False
1524421742,6020,122,1524421742,小猴掌上伤寒论,暂无数据,https://is1-ssl.mzstatic.com/image/thumb/Purple211/v4/f8/7f/32/f87f3220-6411-7bdc-9f2d-b51ae47de0c8/AppIcon-0-0-1x_U007emarketing-0-10-0-0-85-220.png/180x180bb.png,"Xiaohou Yisheng TCM Technology (Shenzhen) Co., Ltd.",cn,,9.90,2024-06-18,944,94,0,-,-,0,总榜,122,-5,应用,3,-1,医疗,4.8,73,False
6444282377,6006,123,6444282377,中药大全 - 中草药药剂偏方百科,暂无数据,https://is1-ssl.mzstatic.com/image/thumb/Purple112/v4/c5/40/72/c540722d-aa48-eb55-9fcc-428c8bbb17b5/AppIcon-1x_U007emarketing-0-7-0-85-220.png/180x180bb.png,学鹏 张,cn,,3.00,2022-11-10,857,44,0,-,-,0,总榜,123,5,应用,1,1,参考,4.2,13,False
1533938029,6002,124,1533938029,DNS Security Pro,暂无数据,https://is1-ssl.mzstatic.com/image/thumb/Purple211/v4/a3/b7/ff/a3b7ffad-3f69-5e4e-55e5-5eada3ee902c/AppIconPro-0-0-1x_U007emarketing-0-7-0-85-220.png/180x180bb.png,CHUNG-HO LEE,cn,,15.00,2024-03-22,402,44,0,-,-,0,总榜,124,14,应用,24,4,工具,0.0,0,False
525176875,6008,125,525176875,太阳测量师(Sun Surveyor),暂无数据,https://is1-ssl.mzstatic.com/image/thumb/Purple126/v4/0a/1c/7e/0a1c7eb8-cd7a-54ff-0b56-a8eef9271710/AppIcon-0-0-1x_U007emarketing-0-6-85-220.png/180x180bb.png,Adam Ratana,cn,,68.00,2024-01-01,1570,153,0,-,-,0,总榜,125,-17,应用,16,-2,摄影与录像,3.7,61,False
1641084877,6007,126,1641084877,List习惯,暂无数据,https://is1-ssl.mzstatic.com/image/thumb/Purple211/v4/57/38/68/57386899-7d2d-5729-1831-aa7b4040ff4f/AppIcon-0-0-1x_U007emarketing-0-7-0-85-220.png/180x180bb.png,文华 肖,cn,,1.00,2024-03-25,2406,22,0,-,-,0,总榜,126,3,应用,11,-1,效率,4.9,746,False
1515215584,6017,127,1515215584,RakugakiAR,暂无数据,https://is1-ssl.mzstatic.com/image/thumb/Purple115/v4/84/d4/bd/84d4bd03-a866-1a99-ecd8-a0289ae8c8ca/AppIcon-0-0-1x_U007emarketing-0-0-0-7-0-0-sRGB-0-0-0-GLES2_U002c0-512MB-85-220-0-0.png/180x180bb.png,Whatever Inc.,cn,,8.00,2021-06-23,258,13,0,-,-,0,总榜,127,4,应用,17,0,教育,4.5,1916,False
1009747025,6016,128,1009747025,zFuse - 影音播放器,暂无数据,https://is1-ssl.mzstatic.com/image/thumb/Purple221/v4/51/79/ba/5179baf2-71b9-b136-5659-a866fa433666/AppIcon-0-0-1x_U007emarketing-0-10-0-sRGB-85-220.png/180x180bb.png,"s-joys Co., Ltd.",cn,,18.00,2024-08-06,15059,2269,0,-,-,0,总榜,128,6,应用,17,1,娱乐,4.8,7606,False
6446444689,6002,129,6446444689,章法 · 很刑,暂无数据,https://is1-ssl.mzstatic.com/image/thumb/Purple221/v4/26/81/97/2681978c-6bc8-54b9-05c6-7d6f163b1a23/AppIcon-0-0-1x_U007emarketing-0-10-0-85-220.png/180x180bb.png,明磊 张,cn,,3.00,2024-06-26,735,36,0,-,-,落榜,总榜,129,-30,应用,25,-3,工具,4.9,64,False
1612615618,6002,130,1612615618,腕上txt小说阅读器,暂无数据,https://is1-ssl.mzstatic.com/image/thumb/Purple211/v4/e0/52/72/e05272fe-47dc-e41f-cbd9-8574c9fbf470/AppIcon-0-0-1x_U007emarketing-0-10-0-85-220.png/180x180bb.png,华盛 卢,cn,,6.00,2024-04-26,4294,18,0,-,-,0,总榜,130,13,应用,26,5,工具,4.0,82,False
393670998,6006,131,393670998,欧路词典 Eudic 增强版,暂无数据,https://is1-ssl.mzstatic.com/image/thumb/Purple211/v4/62/23/0c/62230c50-dc3f-0b91-4744-b86abd5254ad/AppIconPro-0-1x_U007epad-0-0-0-85-220-0.png/180x180bb.png,QianYan Network,cn,,98.00,2024-07-27,36703,3846,488,上海倩言网络科技有限公司,-,0,总榜,131,-17,应用,2,-1,参考,4.6,3057,False
1464555198,6002,132,1464555198,不折叠输入法,暂无数据,https://is1-ssl.mzstatic.com/image/thumb/Purple125/v4/1a/77/c7/1a77c7fb-81ee-9a3a-f8d7-aaadc395c030/AppIcon-0-0-1x_U007emarketing-0-0-0-7-0-0-sRGB-0-0-0-GLES2_U002c0-512MB-85-220-0-0.png/180x180bb.png,俊杰 黄,cn,,8.00,2021-06-17,22810,242,0,-,-,0,总榜,132,13,应用,27,5,工具,2.7,949,False
6446481058,6002,133,6446481058,车牌模拟器-生成器&汽车摩托车车牌照选号违章查询,暂无数据,https://is1-ssl.mzstatic.com/image/thumb/Purple211/v4/ce/f1/c3/cef1c3ab-8bd8-3c1d-4847-bb9987a8dc9e/AppIcon-0-0-1x_U007epad-0-0-85-220.png/180x180bb.png,卓 陈,cn,,1.00,2024-08-02,5831,201,0,-,-,0,总榜,133,-8,应用,28,-3,工具,3.8,8,False
1637940076,6013,134,1637940076,EarthBeat - Schumann Resonance,暂无数据,https://is1-ssl.mzstatic.com/image/thumb/Purple221/v4/29/39/e7/2939e7cc-803c-c24b-2938-e13058879e24/AppIcon-0-1x_U007emarketing-0-7-0-85-220-0.jpeg/180x180bb.png,TheMM,cn,,15.00,2024-06-16,94,5,0,-,-,落榜,总榜,134,-36,应用,5,0,健康健美,0.0,0,False
1237692856,6008,135,1237692856,Gudak Cam,暂无数据,https://is1-ssl.mzstatic.com/image/thumb/Purple115/v4/1d/f1/46/1df14623-aef3-c649-c959-766128f4484c/AppIcon-0-0-1x_U007emarketing-0-0-0-10-0-0-sRGB-0-0-0-GLES2_U002c0-512MB-85-220-0-0.png/180x180bb.png,Screw Bar Inc.,cn,,8.00,2021-08-18,296,25,0,-,-,0,总榜,135,-2,应用,17,1,摄影与录像,3.2,130,False
1606683779,6002,136,1606683779,短信别烦我-垃圾短信拦截,暂无数据,https://is1-ssl.mzstatic.com/image/thumb/Purple221/v4/a5/51/55/a5515520-d2ee-ea88-0c94-a7887549ab04/AppIcon-1x_U007emarketing-0-7-0-85-220-0.png/180x180bb.png,浴萍 何,cn,,1.00,2024-04-10,760,44,0,-,-,0,总榜,136,-14,应用,29,-5,工具,4.8,431,False
963034692,6013,137,963034692,Streaks,暂无数据,https://is1-ssl.mzstatic.com/image/thumb/Purple211/v4/7a/85/17/7a851796-7b18-1aee-8a26-f95d7e17191f/AppIcon-Unfilled-0-0-1x_U007emarketing-0-0-0-7-0-0-85-220.png/180x180bb.png,Crunchy Bagel,cn,,38.00,2024-07-24,3064,57,0,-,-,0,总榜,137,33,应用,6,1,健康健美,4.8,2736,False
1187474993,6008,138,1187474993,Helios Pro,暂无数据,https://is1-ssl.mzstatic.com/image/thumb/Purple211/v4/47/ea/02/47ea0246-53cc-d5d7-3e67-65b0f3c5e8fa/AppIcon-0-0-1x_U007emarketing-0-7-0-85-220.png/180x180bb.png,Chemical Wedding,cn,,128.00,2024-08-06,195,9,0,-,-,0,总榜,138,1,应用,18,1,摄影与录像,0.0,0,False
432850619,6011,139,432850619,FL Studio Mobile,暂无数据,https://is1-ssl.mzstatic.com/image/thumb/Purple221/v4/9f/83/a7/9f83a781-c7ef-3fc9-d11f-45d4be9d37f1/AppIcon-0-0-1x_U007emarketing-0-10-0-85-220.png/180x180bb.png,Image Line Software,cn,,88.00,2024-08-01,2298,458,0,-,-,0,总榜,139,59,应用,6,3,音乐,3.9,31,False
657016140,6010,140,657016140,"Good Maps - 谷歌地图,离线,街景,公交,地铁,导航",暂无数据,https://is1-ssl.mzstatic.com/image/thumb/Purple18/v4/a3/a0/62/a3a0621a-5411-12a9-e608-60cb259f7982/mzl.mbrgndsp.png/180x180bb.png,光宇 张,cn,,15.00,2016-06-06,349,0,0,-,-,0,总榜,140,-20,应用,2,0,导航,1.6,365,False
908905093,6008,141,908905093,Lumy - 太阳与摄影指南,暂无数据,https://is1-ssl.mzstatic.com/image/thumb/Purple221/v4/87/33/9f/87339f0c-4816-c1ae-33f4-906df3644367/AppIcon-0-0-1x_U007emarketing-0-0-0-7-0-0-sRGB-85-220.png/180x180bb.png,Raja V,cn,,48.00,2024-07-25,5087,143,0,-,-,0,总榜,141,-14,应用,19,-2,摄影与录像,4.7,461,False
1015225810,6009,142,1015225810,ZAKER专业版,暂无数据,https://is1-ssl.mzstatic.com/image/thumb/Purple211/v4/87/51/49/875149e0-38a0-836f-8fef-898fce8a60d1/AppIcon-0-0-1x_U007emarketing-0-5-0-0-85-220.png/180x180bb.png,"Guangzhou Jianhe Network Technology Co.,Ltd",cn,,8.00,2024-04-07,9128,282,0,-,-,0,总榜,142,30,应用,-,0,新闻,4.6,7818,False
1086617993,6007,143,1086617993,时间块 - 快速记录时间规划日程安排,暂无数据,https://is1-ssl.mzstatic.com/image/thumb/Purple211/v4/f8/0f/87/f80f8778-04fb-d48a-cf94-2ace9f3e7e9f/AppIcon-0-0-1x_U007epad-0-10-0-85-220.png/180x180bb.png,妮 安,cn,,15.00,2024-03-30,3652,225,0,-,-,0,总榜,143,-8,应用,12,-1,效率,4.8,4305,False
1604145507,6006,144,1604145507,九九美剧-人人美剧tv社区,暂无数据,https://is1-ssl.mzstatic.com/image/thumb/Purple116/v4/13/b8/4f/13b84fd5-c198-5004-5da7-7b42da97e295/AppIcon-0-0-1x_U007emarketing-0-0-0-5-0-0-sRGB-0-0-0-GLES2_U002c0-512MB-85-220-0-0.png/180x180bb.png,锐坚 夏,cn,,22.00,2022-01-20,7977,612,0,-,-,0,总榜,144,30,应用,3,1,参考,4.6,910,False
1579211407,6017,145,1579211407,河马英文阅读器 (Hippo Reader),暂无数据,https://is1-ssl.mzstatic.com/image/thumb/Purple221/v4/2b/f8/38/2bf838e3-36cb-0071-8b3f-ae19cab03e02/AppIcon-1-0-0-1x_U007emarketing-0-7-0-0-sRGB-85-220.png/180x180bb.png,超群 万,cn,,6.00,2024-08-05,6780,183,0,-,-,0,总榜,145,-1,应用,18,0,教育,4.8,1601,False
1485694517,6005,146,1485694517,红豆佳缘-正规找对象恋爱快速脱单,暂无数据,https://is1-ssl.mzstatic.com/image/thumb/Purple112/v4/1b/82/39/1b823920-0cad-0a8e-2c37-682af1006497/AppIcon-0-0-1x_U007emarketing-0-0-0-5-0-0-sRGB-0-0-0-GLES2_U002c0-512MB-85-220-0-0.png/180x180bb.png,盈萱科技(北京)有限公司,cn,,1.00,2022-06-09,12114,271,0,-,-,0,总榜,146,9,应用,7,0,社交,4.3,12,False
1597925485,6012,147,1597925485,三色绘恋 -Complete Edition-,暂无数据,https://is1-ssl.mzstatic.com/image/thumb/Purple122/v4/dd/4b/c3/dd4bc340-3a7b-fc4c-f070-620c5d78f789/AppIcon-0-0-1x_U007emarketing-0-0-0-7-0-0-sRGB-0-0-0-GLES2_U002c0-512MB-85-220-0-0.png/180x180bb.png,"Wuhan Shanbaihe Cultural Communication Co., Ltd.",cn,,15.00,2022-11-07,871,70,0,-,-,0,总榜,147,97,应用,7,8,生活,4.3,220,False
1084313268,6015,148,1084313268,妖股助手-优选短线强势股,暂无数据,https://is1-ssl.mzstatic.com/image/thumb/Purple221/v4/27/1e/36/271e3679-b13e-45d3-14a8-7942aee24e8c/AppIcon-1-0-0-1x_U007emarketing-0-7-0-85-220.png/180x180bb.png,建文 田,cn,,1.00,2024-07-23,2508,218,0,-,-,0,总榜,148,40,应用,6,1,财务,4.7,1934,False
1313164055,6008,149,1313164055,EE35 Film Camera,暂无数据,https://is1-ssl.mzstatic.com/image/thumb/Purple123/v4/da/54/96/da549603-1862-fe5c-8bff-9969f9ff1bde/AppIcon-0-1x_U007emarketing-0-0-GLES2_U002c0-512MB-sRGB-0-0-0-85-220-0-0-0-7.png/180x180bb.png,"EIGHTIVE DESIGN, Inc.",cn,,15.00,2019-10-14,689,17,0,-,-,0,总榜,149,-36,应用,20,-5,摄影与录像,3.6,169,False
900833042,6012,150,900833042,Fliqlo,暂无数据,https://is1-ssl.mzstatic.com/image/thumb/Purple116/v4/d9/7c/d6/d97cd6ff-0e6e-c603-3184-d3857a88698c/AppIcon-0-0-1x_U007emarketing-0-7-0-85-220.png/180x180bb.png,Yuji Adachi,cn,,8.00,2023-09-21,1677,35,0,-,-,0,总榜,150,61,应用,8,5,生活,4.7,9076,False
1207354572,6006,151,1207354572,色卡 - 设计专业的配色工具,暂无数据,https://is1-ssl.mzstatic.com/image/thumb/Purple221/v4/63/ea/2d/63ea2d74-07aa-8e31-5d84-0a1fa487e65f/AppIcon-0-0-1x_U007emarketing-0-7-0-85-220.png/180x180bb.png,"INII Co., Ltd.",cn,,12.00,2024-06-09,4923,336,0,-,-,0,总榜,151,64,应用,4,2,参考,4.9,1.05万,False
1455055663,6016,152,1455055663,皮皮虾专业版,暂无数据,https://is1-ssl.mzstatic.com/image/thumb/Purple122/v4/9b/82/30/9b823066-ad27-e68a-f92f-92286ccf6cf4/AppIcon_pro-1x_U007emarketing-0-6-0-0-85-220.png/180x180bb.png,"Fujian PiPi Dance Technology Co., Ltd.",cn,,18.00,2022-12-15,14765,518,9644,北京字节跳动科技有限公司,-,0,总榜,152,-22,应用,18,-2,娱乐,4.6,4472,False
1547733249,6002,153,1547733249,EZ短信-垃圾骚扰短信过滤拦截,暂无数据,https://is1-ssl.mzstatic.com/image/thumb/Purple221/v4/bd/86/b5/bd86b5b2-0bfc-db74-ff70-94cab35eb58c/AppIcon-1x_U007emarketing-0-7-0-0-sRGB-85-220-0.png/180x180bb.png,铃响 黄,cn,,3.00,2024-03-16,6446,144,0,-,-,0,总榜,153,24,应用,30,10,工具,4.5,333,False
1046869118,6012,154,1046869118,微调查Pro - 有酬兼职调研任务社区,暂无数据,https://is1-ssl.mzstatic.com/image/thumb/Purple116/v4/bd/af/83/bdaf83c8-3cfa-21a8-183c-0ff97f0bcb8f/AppIconwdcpro-0-0-1x_U007emarketing-0-10-0-85-220.png/180x180bb.png,丛 高,cn,,1.00,2024-01-17,6667,223,0,-,-,0,总榜,154,6,应用,9,-2,生活,4.1,1660,False
1615288664,6002,155,1615288664,法环地图艾尔登冒险指南,暂无数据,https://is1-ssl.mzstatic.com/image/thumb/Purple221/v4/d8/59/db/d859db71-827a-811f-16f1-80c532250449/AppIcon-0-0-1x_U007emarketing-0-7-0-85-220.png/180x180bb.png,晟 潘,cn,,15.00,2024-07-31,4041,418,0,-,-,0,总榜,155,-14,应用,31,-2,工具,4.2,178,False
1470213441,6002,156,1470213441,快捷猫-自动键盘自动发信息,暂无数据,https://is1-ssl.mzstatic.com/image/thumb/Purple122/v4/9e/2f/bd/9e2fbd9c-4f29-6c3d-d79e-7c151ba6c2c4/AppIcon-0-0-1x_U007emarketing-0-0-0-5-0-0-sRGB-0-0-0-GLES2_U002c0-512MB-85-220-0-0.png/180x180bb.png,小燕 陈,cn,,3.00,2022-05-16,1704,64,0,-,-,0,总榜,156,15,应用,32,6,工具,2.4,81,False
1623580619,6016,157,1623580619,7Days,暂无数据,https://is1-ssl.mzstatic.com/image/thumb/Purple122/v4/86/b7/16/86b7162c-1163-5a77-4735-2e63b87e5714/AppIcon-0-0-1x_U007emarketing-0-0-0-7-0-0-sRGB-0-0-0-GLES2_U002c0-512MB-85-220-0-0.png/180x180bb.png,Tianjin Baidu Zi Tong Technology Ltd.,cn,,8.00,2022-05-26,1890,26,41582,天津百度紫桐科技有限公司,-,0,总榜,157,22,应用,19,1,娱乐,4.8,418,False
1489470545,6007,158,1489470545,iFacialMocap,暂无数据,https://is1-ssl.mzstatic.com/image/thumb/Purple211/v4/13/3a/fa/133afac0-8043-adfb-bc18-57152a28eb78/AppIcon-0-0-1x_U007emarketing-0-7-0-85-220.png/180x180bb.png,DevelopW LLC,cn,,58.00,2024-03-25,474,10,0,-,-,0,总榜,158,94,应用,13,7,效率,2.4,13,False
504176984,6012,159,504176984,论八字(实用),暂无数据,https://is1-ssl.mzstatic.com/image/thumb/Purple221/v4/aa/77/93/aa77932e-50c3-7adb-69f3-daf523f641e1/AppIcon-1x_U007emarketing-0-7-0-0-85-220-0.png/180x180bb.png,健 杨,cn,,88.00,2024-06-19,2132,97,757,上海皇石网络科技有限公司,-,0,总榜,159,26,应用,10,0,生活,3.6,113,False
1551273147,6012,160,1551273147,Otter - 水獭的食谱日记,暂无数据,https://is1-ssl.mzstatic.com/image/thumb/Purple125/v4/05/5b/18/055b18cf-a0ce-3d17-bbac-d99d2e0a5961/AppIcon-0-0-1x_U007emarketing-0-0-0-7-0-0-sRGB-0-0-0-GLES2_U002c0-512MB-85-220-0-0.png/180x180bb.png,EUIHYUNG JUNG,cn,,15.00,2021-05-23,1493,52,0,-,-,0,总榜,160,4,应用,11,-3,生活,4.3,162,False
6464466550,6015,161,6464466550,加密货币-OKEX&BINANCE全平台管家,暂无数据,https://is1-ssl.mzstatic.com/image/thumb/Purple126/v4/80/e7/ee/80e7ee33-09a5-da4e-7091-c372e27d63ea/AppIcon-0-0-1x_U007emarketing-0-0-0-6-0-0-sRGB-0-0-0-GLES2_U002c0-512MB-85-220-0-0.png/180x180bb.png,木火网络,cn,,6.00,2024-01-02,1111,52,0,-,-,0,总榜,161,-43,应用,7,-1,财务,1.5,8,False
6502833636,6017,162,6502833636,东东印尼语 BahasaDong,暂无数据,https://is1-ssl.mzstatic.com/image/thumb/Purple211/v4/ba/ce/d3/baced31a-d521-3179-ece7-dcae858c6d8e/AppIcon-1x_U007epad-0-0-85-220-0.png/180x180bb.png,振东 谢,cn,,9.90,2024-07-26,96,5,0,-,-,0,总榜,162,62,应用,19,10,教育,4.0,5,False
1622341132,6013,163,1622341132,iSleeper - 梦话鼾声记录与睡眠监测,暂无数据,https://is1-ssl.mzstatic.com/image/thumb/Purple211/v4/a3/ca/ea/a3caea5d-7a2d-7bdb-7b56-c428282d0178/AppIcon-0-0-1x_U007emarketing-0-7-0-85-220.png/180x180bb.png,镇坚 陈,cn,,18.00,2024-07-19,13841,263,0,-,-,0,总榜,163,39,应用,7,4,健康健美,4.2,80,False
6471649269,6002,164,6471649269,腕上手表浏览器,暂无数据,https://is1-ssl.mzstatic.com/image/thumb/Purple126/v4/7d/c7/62/7dc76260-54a0-a6ba-1d62-51ef0927c8b9/AppIcon-0-0-1x_U007ephone-0-0-85-220.jpeg/180x180bb.png,华彪 周,cn,,3.00,2023-12-20,1640,15,0,-,-,0,总榜,164,56,应用,33,17,工具,2.9,10,False
1505277541,6002,165,1505277541,ZOE-视频解析播放&m3u8解密合并&Wifi共享视频下载,暂无数据,https://is1-ssl.mzstatic.com/image/thumb/Purple122/v4/55/67/6e/55676e5e-7557-8911-0fc2-d5cbd6e3aafc/AppIcon-0-0-1x_U007emarketing-0-0-0-7-0-0-sRGB-0-0-0-GLES2_U002c0-512MB-85-220-0-0.png/180x180bb.png,汝泉 张,cn,,22.00,2022-11-28,36571,2093,0,-,-,0,总榜,165,1,应用,34,3,工具,4.8,3117,False
6446077052,6002,166,6446077052,我不是灯神,暂无数据,https://is1-ssl.mzstatic.com/image/thumb/Purple126/v4/0c/87/7d/0c877d0b-245d-9ad1-6701-e1c615ceb945/AppIcon-0-0-1x_U007ephone-0-85-220.png/180x180bb.png,恒一 杨,cn,,8.00,2023-11-30,769,89,0,-,-,0,总榜,166,10,应用,35,4,工具,4.2,124,False
1291687067,6000,167,1291687067,证件复印,暂无数据,https://is1-ssl.mzstatic.com/image/thumb/Purple122/v4/e9/68/9f/e9689ffa-795c-169b-4c1a-7718d4d9ea5e/AppIcon-1x_U007emarketing-0-4-0-85-220.png/180x180bb.png,同庆 牛,cn,,1.00,2022-05-03,2797,61,0,-,-,0,总榜,167,-20,应用,1,0,商务,4.6,191,False
702718077,6017,168,702718077,中国法律法规及司法解释精选汇编,暂无数据,https://is1-ssl.mzstatic.com/image/thumb/Purple211/v4/7c/a8/ad/7ca8adb3-7be8-54c7-69b4-902132aecc19/AppIcon-1x_U007emarketing-0-7-0-85-220-0.png/180x180bb.png,宏香 金,cn,,58.00,2024-03-13,31709,1981,0,-,-,0,总榜,168,-9,应用,20,0,教育,4.8,4916,False
1464850921,6017,169,1464850921,每日英语阅读,暂无数据,https://is1-ssl.mzstatic.com/image/thumb/Purple221/v4/3d/da/e3/3ddae38f-f6c0-50f5-ad85-0b9c24d05734/AppIcon-0-1x_U007emarketing-0-4-0-0-85-220-0.png/180x180bb.png,QianYan Network,cn,,1.00,2024-06-08,3186,33,488,上海倩言网络科技有限公司,-,0,总榜,169,-23,应用,21,-2,教育,4.7,1210,False
1465851015,6007,170,1465851015,FreeTime断网豆豆-帮你不玩手机 不做手机控,暂无数据,https://is1-ssl.mzstatic.com/image/thumb/Purple221/v4/38/6f/b2/386fb2eb-0136-4c3f-e03c-45af73bfec3e/AppIcon-0-0-1x_U007emarketing-0-8-0-85-220.png/180x180bb.png,好迪 段,cn,,1.00,2024-03-19,7127,298,0,-,-,0,总榜,170,-30,应用,14,-2,效率,4.7,1290,False
6472430189,6002,171,6472430189,小鑫网络运动,暂无数据,https://is1-ssl.mzstatic.com/image/thumb/Purple221/v4/da/ce/a3/dacea3e7-efbf-4d01-33c1-5b55e90b1557/AppIcon-0-0-1x_U007emarketing-0-7-0-0-85-220.png/180x180bb.png,"Heze Ding Yixin network technology Co., LTD",cn,,3.00,2024-08-03,275,13,0,-,-,0,总榜,171,150,应用,36,35,工具,5.0,8,False
1603851805,6016,172,1603851805,五子棋 - 支持双人和单机对战的经典益智手表游戏,暂无数据,https://is1-ssl.mzstatic.com/image/thumb/Purple221/v4/d9/88/4c/d9884c6a-eada-bf44-6d32-899f9d58f3ce/AppIcon-1x_U007ewatch-0-85-220-0.png/180x180bb.png,长金 胡,cn,,8.00,2024-03-20,2556,38,0,-,-,0,总榜,172,10,应用,20,1,娱乐,0.0,0,False
6447545075,6027,173,6447545075,极简线稿 - 图片转线稿,暂无数据,https://is1-ssl.mzstatic.com/image/thumb/Purple116/v4/f9/12/b7/f912b738-3352-3563-efeb-2adee2a0b9cc/AppIcon-1x_U007emarketing-0-7-0-85-220.png/180x180bb.png,国庆 裘,cn,,1.00,2024-01-15,1308,68,0,-,-,0,总榜,173,-25,应用,2,0,图形和设计,4.8,122,False
995564289,6002,174,995564289,无线卫士,暂无数据,https://is1-ssl.mzstatic.com/image/thumb/Purple122/v4/77/18/f4/7718f44c-c422-f95b-dd3b-56e70d33c1ef/AppIcon-2-0-0-1x_U007emarketing-0-0-0-6-0-0-sRGB-0-0-0-GLES2_U002c0-512MB-85-220-0-0.png/180x180bb.png,孝伟 李,cn,,3.00,2022-06-29,1740,49,0,-,-,0,总榜,174,23,应用,37,7,工具,4.2,2.36万,False
1550972092,6002,175,1550972092,云顶工具箱,暂无数据,https://is1-ssl.mzstatic.com/image/thumb/Purple221/v4/22/58/f7/2258f76f-12ad-8800-0462-bc80982eb329/AppIcon-0-0-1x_U007emarketing-0-7-0-0-85-220.png/180x180bb.png,"Hangzhou Xiaoman Jiuman Technology Co., Ltd.",cn,,6.00,2024-08-05,1430,149,0,-,-,0,总榜,175,-10,应用,38,-2,工具,3.9,335,False
1519508653,6027,176,1519508653,Nomad Sculpt - 3D雕刻建模,暂无数据,https://is1-ssl.mzstatic.com/image/thumb/Purple221/v4/38/fa/21/38fa211c-9d7d-31f8-1063-3a52a05a2b0d/AppIcon-0-0-1x_U007emarketing-0-7-0-85-220.png/180x180bb.png,Hexanomad,cn,,148.00,2024-04-18,2959,515,0,-,-,0,总榜,176,-26,应用,3,0,图形和设计,4.7,2838,False
576718804,6007,177,576718804,aTimeLogger - 时间记录工具,暂无数据,https://is1-ssl.mzstatic.com/image/thumb/Purple221/v4/18/ca/bb/18cabb49-348b-ad70-a647-55ac00f68822/AppIcon-0-0-1x_U007emarketing-0-7-0-85-220.png/180x180bb.png,BGCI,cn,,38.00,2024-08-01,3460,556,0,-,-,0,总榜,177,117,应用,15,10,效率,4.8,6512,False
1033342465,6002,178,1033342465,Just Press Record,暂无数据,https://is1-ssl.mzstatic.com/image/thumb/Purple126/v4/d5/34/54/d5345459-76af-f297-b56d-31927f1e96ad/AppIcon-0-0-1x_U007emarketing-0-6-0-sRGB-85-220-0.png/180x180bb.png,Open Planet Software,cn,,38.00,2024-01-31,2753,92,0,-,-,0,总榜,178,-21,应用,39,-5,工具,4.3,509,False
520231936,6007,179,520231936,eDrawings,暂无数据,https://is1-ssl.mzstatic.com/image/thumb/Purple211/v4/d8/59/b2/d859b2b2-cbaa-d081-5acd-31b7e0082879/AppIcon-1x_U007emarketing-0-5-0-85-220-0.png/180x180bb.png,Dassault Systemes SolidWorks Corporation,cn,,15.00,2024-07-04,437,11,0,-,-,0,总榜,179,100,应用,16,6,效率,2.8,17,False
479665601,6002,180,479665601,iZip专业版 - Zip Rar 压缩、解压缩工具,暂无数据,https://is1-ssl.mzstatic.com/image/thumb/Purple122/v4/32/d3/20/32d32083-3733-be04-2bc4-b307904aad65/AppIcon_pro-0-0-1x_U007emarketing-0-7-0-85-220.png/180x180bb.png,ComcSoft Corporation,cn,,68.00,2024-03-12,2619,548,0,-,-,0,总榜,180,-44,应用,40,-13,工具,4.8,2468,False
1468833021,6005,181,1468833021,再婚网-专业再婚相亲，梅花婚恋再婚版,暂无数据,https://is1-ssl.mzstatic.com/image/thumb/Purple221/v4/74/42/04/74420428-7246-e379-8546-125eb1799606/AppIcon-0-0-1x_U007emarketing-0-0-0-4-0-0-sRGB-0-0-0-GLES2_U002c0-512MB-85-220-0-0.png/180x180bb.png,"Hangzhou Zhixin Lover Network Technology Co., Ltd.",cn,,1.00,2024-03-13,8608,216,0,-,-,0,总榜,181,48,应用,8,2,社交,0.0,0,False
1492424176,6007,182,1492424176,专注面条 - 学霸学习计时器,暂无数据,https://is1-ssl.mzstatic.com/image/thumb/Purple116/v4/9e/5a/0d/9e5a0d3c-3a84-9249-2bab-e24462f5f33b/AppIcon-0-0-1x_U007emarketing-0-7-0-0-85-220.png/180x180bb.png,"ideaTiny Co., Ltd.",cn,,25.00,2024-01-22,7980,616,0,-,-,0,总榜,182,-20,应用,17,-4,效率,4.9,8519,True
6472033369,6005,183,6472033369,顶流,暂无数据,https://is1-ssl.mzstatic.com/image/thumb/Purple221/v4/15/85/8c/15858cb2-1105-3cc8-10b2-f8b73bec90b9/AppIcon-1x_U007emarketing-0-7-0-85-220-0.png/180x180bb.png,勇 刘,cn,,3.00,2024-06-20,1233,24,0,-,-,0,总榜,183,63,应用,9,2,社交,0.0,0,False
1613051432,6017,184,1613051432,阅界-原版英文小说在线阅读,暂无数据,https://is1-ssl.mzstatic.com/image/thumb/Purple221/v4/98/f0/0c/98f00c32-b4dd-3483-aec0-1f93df56f53f/AppIcon-0-0-1x_U007emarketing-0-7-0-85-220.png/180x180bb.png,雁文 孙,cn,,12.00,2024-06-03,1824,70,0,-,-,0,总榜,184,-4,应用,22,0,教育,4.6,126,False
1494197457,6002,185,1494197457,白平衡AI - KEV,暂无数据,https://is1-ssl.mzstatic.com/image/thumb/Purple211/v4/dd/06/7b/dd067b07-e52a-8f89-234a-35dbb95cdeb5/AppIcon-0-0-1x_U007emarketing-0-10-0-0-85-220.png/180x180bb.png,Satnam Singh,cn,,22.00,2024-07-10,944,144,0,-,-,0,总榜,185,4,应用,41,1,工具,4.8,280,False
539397400,6016,186,539397400,nPlayer Plus,暂无数据,https://is1-ssl.mzstatic.com/image/thumb/Purple126/v4/b4/bd/21/b4bd2120-8761-5944-d62c-f573c7f9bc95/AppIcon-Plus-0-0-1x_U007emarketing-0-0-0-4-0-0-sRGB-0-0-0-GLES2_U002c0-512MB-85-220-0-0.png/180x180bb.png,Newin Inc.,cn,,58.00,2023-09-28,1411,154,0,-,-,0,总榜,186,-11,应用,21,-2,娱乐,4.8,5423,False
6504466683,6017,187,6504466683,KET词汇通,暂无数据,https://is1-ssl.mzstatic.com/image/thumb/Purple211/v4/c4/3c/77/c43c7780-f424-690e-4520-ab298d3406b3/AppIcon-0-0-1x_U007epad-0-0-85-220.png/180x180bb.png,"Guangzhou Keniu Information Technology Co., Ltd.",cn,,1.00,2024-07-19,1141,15,27388,广州悦动软件科技有限公司,-,0,总榜,187,38,应用,23,7,教育,3.7,3,False
1440279996,6012,188,1440279996,Cross Stitch Saga,暂无数据,https://is1-ssl.mzstatic.com/image/thumb/Purple221/v4/e2/4a/3a/e24a3abf-c53a-c693-cc65-a19f2fba86f0/AppIcon-0-0-1x_U007emarketing-0-7-0-85-220.png/180x180bb.png,Irina Kopylova,cn,,68.00,2024-07-24,395,141,0,-,-,0,总榜,188,4,应用,12,0,生活,4.6,86,False
1644199292,6002,189,1644199292,Stardew Save Editor,暂无数据,https://is1-ssl.mzstatic.com/image/thumb/Purple126/v4/af/81/0f/af810fdc-d8ff-7522-3f52-431b87d708b4/AppIcon-0-0-1x_U007emarketing-0-0-0-7-0-0-sRGB-0-0-0-GLES2_U002c0-512MB-85-220-0-0.png/180x180bb.png,Chad Smith,cn,,15.00,2023-08-30,144,19,0,-,-,0,总榜,189,30,应用,42,7,工具,3.9,7,False
1556671822,6016,190,1556671822,合成大西瓜 for watch,暂无数据,https://is1-ssl.mzstatic.com/image/thumb/Purple221/v4/6b/78/27/6b78276a-56a1-edcf-2adb-5fe552269cd7/AppIcon-0-0-1x_U007emarketing-0-9-85-220.png/180x180bb.png,活鹏 麦,cn,,6.00,2024-03-10,2543,77,0,-,-,0,总榜,190,6,应用,22,0,娱乐,0.0,0,False
635644097,6011,191,635644097,调音器 by Piascore,暂无数据,https://is1-ssl.mzstatic.com/image/thumb/Purple221/v4/c7/94/20/c7942060-fda2-e3cd-79a4-0a864ebc7d25/PATuner-AppIcon-0-0-1x_U007emarketing-0-4-85-220.png/180x180bb.png,"Piascore, Inc.",cn,,38.00,2024-07-24,2847,417,0,-,-,0,总榜,191,-37,应用,7,-1,音乐,4.7,829,False
969839385,6008,192,969839385,KnockOut高清版: 专业智能抠图软件,暂无数据,https://is1-ssl.mzstatic.com/image/thumb/Purple123/v4/15/1d/06/151d06da-b0be-07a5-972c-1287ec9064dd/AppIcon-0-0-1x_U007emarketing-0-0-9-0-0-sRGB-85-220.png/180x180bb.png,"Shenzhen Qianhai Happy Tour Network Technology Co., Ltd.",cn,,15.00,2020-04-01,4441,62,0,-,-,0,总榜,192,新进榜,应用,21,77,摄影与录像,4.8,4284,False
440666387,6017,193,440666387,化学家 - CHEMIST,暂无数据,https://is1-ssl.mzstatic.com/image/thumb/Purple114/v4/9d/53/11/9d5311d0-d443-b570-63fc-1677812e2908/AppIcon-1x_U007emarketing-0-0-GLES2_U002c0-512MB-sRGB-0-0-0-85-220-0-0-0-8.png/180x180bb.png,THIX LLC,cn,,58.00,2021-01-02,791,40,8285,江门市中荣网络科技有限公司,-,0,总榜,193,52,应用,24,9,教育,4.0,745,False
400666114,6011,194,400666114,Guitar Pro,暂无数据,https://is1-ssl.mzstatic.com/image/thumb/Purple122/v4/21/91/24/21912407-7c45-96d6-5bf2-21b38ca60dd5/AppIcon-0-1x_U007emarketing-0-7-0-0-85-220.png/180x180bb.png,Arobas Music,cn,,48.00,2022-10-26,3325,91,0,-,-,0,总榜,194,54,应用,8,4,音乐,3.6,493,False
650008859,6010,195,650008859,iLocation+: 这里！,暂无数据,https://is1-ssl.mzstatic.com/image/thumb/Purple221/v4/50/51/04/505104b9-b0b1-dbe9-fca5-4e290821137e/AppIcon-0-0-1x_U007emarketing-0-7-0-85-220.png/180x180bb.png,Jeonghwan Kim,cn,,8.00,2024-08-06,1837,31,0,-,-,0,总榜,195,-58,应用,3,0,导航,2.9,281,False
1504218030,6002,196,1504218030,电波表校时 - 专业电波表授时对时工具,暂无数据,https://is1-ssl.mzstatic.com/image/thumb/Purple123/v4/cf/78/6b/cf786b37-b8e3-cb49-5e02-9ac960c778e6/AppIcon-0-0-1x_U007emarketing-0-0-0-7-0-0-sRGB-0-0-0-GLES2_U002c0-512MB-85-220-0-0.png/180x180bb.png,瑜骏 朱,cn,,8.00,2020-06-22,2162,87,0,-,-,0,总榜,196,-54,应用,43,-13,工具,4.9,1105,False
493845493,6016,197,493845493,iComics,暂无数据,https://is1-ssl.mzstatic.com/image/thumb/Purple126/v4/5f/08/6d/5f086dc6-410c-73e5-a27d-94817b1bfa43/AppIcon-0-0-1x_U007emarketing-0-4-0-85-220.png/180x180bb.png,XD Digital Pty Ltd,cn,,8.00,2024-01-28,3264,65,0,-,-,0,总榜,197,8,应用,23,0,娱乐,4.8,2884,False
6471922894,6002,198,6471922894,Spatialify,暂无数据,https://is1-ssl.mzstatic.com/image/thumb/Purple211/v4/ce/3b/8b/ce3b8b90-b319-6544-eb04-8254163d4c29/AppIcon-1x_U007epad-0-P3-85-220-0.png/180x180bb.png,天 吴,cn,,18.00,2024-07-29,262,12,0,-,-,0,总榜,198,3,应用,44,1,工具,4.4,11,False
1438820350,6016,199,1438820350,末日方舟(无广告版),暂无数据,https://is1-ssl.mzstatic.com/image/thumb/Purple116/v4/c7/e3/b0/c7e3b0fa-8781-5338-12ea-b22331b0ec97/AppIcon-0-0-1x_U007emarketing-0-0-0-7-0-0-sRGB-0-0-0-GLES2_U002c0-512MB-85-220-0-0.png/180x180bb.png,Digipotato Game,cn,,30.00,2023-09-18,7187,248,0,-,-,0,总榜,199,41,应用,24,2,娱乐,4.4,402,False
1468218854,6007,200,1468218854,T9拨号lite,暂无数据,https://is1-ssl.mzstatic.com/image/thumb/Purple126/v4/88/bb/98/88bb98a0-c4db-1561-9d18-16b60719b78c/AppIcon-0-0-1x_U007emarketing-0-10-0-0-sRGB-85-220.png/180x180bb.png,帅 刘,cn,,6.00,2024-02-05,4929,89,0,-,-,0,总榜,200,56,应用,18,3,效率,3.7,78,False
